"分店代碼","分店名稱","建立時間","單號","用餐方式","pos機號","發票號碼","服務費","結帳金額","現金券金額","實收金額","交易金額","淨額","稅額","折扣總額","銷售總額","單品折扣總額","整單折扣總額","折扣名稱","付款方式","員工"
"01","臥虎藏龍 Crouch & Hide : Tiger Dragon Bar","2022-08-01 17:26:39","2","內用",2,"",0,100,0,100,100,95,5,0,100,0,0,,"現金","90466979"
"01","臥虎藏龍 Crouch & Hide : Tiger Dragon Bar","2022-08-01 20:28:42","6","內用",2,"",0,125,0,125,125,119,6,0,125,0,0,,"現金","90466979"
"01","臥虎藏龍 Crouch & Hide : Tiger Dragon Bar","2022-08-01 22:18:22","11","內用",2,"",166,1826,0,1826,1826,1739,87,0,1826,0,0,,"信用卡","90466979"
"01","臥虎藏龍 Crouch & Hide : Tiger Dragon Bar","2022-08-01 22:24:22","3","內用",2,"",176,1856,0,1856,1856,1768,88,80,1936,80,0,"吧台經理招待","信用卡","90466979"
"01","臥虎藏龍 Crouch & Hide : Tiger Dragon Bar","2022-08-01 22:32:08","7","內用",2,"",178,1958,0,1958,1958,1865,93,0,1958,0,0,,"信用卡","90466979"
"01","臥虎藏龍 Crouch & Hide : Tiger Dragon Bar","2022-08-01 22:41:39","14","內用",2,"",64,704,0,704,704,670,34,0,704,0,0,,"信用卡","90466979"
"01","臥虎藏龍 Crouch & Hide : Tiger Dragon Bar","2022-08-01 23:11:43","10","內用",2,"",284,3124,0,3124,3124,2975,149,0,3124,0,0,,"現金","90466979"
"01","臥虎藏龍 Crouch & Hide : Tiger Dragon Bar","2022-08-01 23:20:14","19","內用",2,"",0,125,0,125,125,119,6,0,125,0,0,,"現金","90466979"
"01","臥虎藏龍 Crouch & Hide : Tiger Dragon Bar","2022-08-01 23:23:16","4","內用",2,"",258,2838,0,2838,2838,2703,135,0,2838,0,0,,"現金","90466979"
"01","臥虎藏龍 Crouch & Hide : Tiger Dragon Bar","2022-08-01 23:31:30","15","內用",2,"",199,2189,0,2189,2189,2085,104,0,2189,0,0,,"信用卡","90466979"
"01","臥虎藏龍 Crouch & Hide : Tiger Dragon Bar","2022-08-01 23:42:13","17","內用",2,"",158,1738,0,1738,1738,1655,83,0,1738,0,0,,"現金","90466979"
"01","臥虎藏龍 Crouch & Hide : Tiger Dragon Bar","2022-08-02 00:01:35","5-1","內用",2,"",396,4356,0,4356,4356,4149,207,0,4356,0,0,,"信用卡","90466979"
"01","臥虎藏龍 Crouch & Hide : Tiger Dragon Bar","2022-08-02 00:04:28","16","內用",2,"",260,2860,0,2860,2860,2724,136,0,2860,0,0,,"信用卡","90466979"
"01","臥虎藏龍 Crouch & Hide : Tiger Dragon Bar","2022-08-02 00:11:56","18","內用",2,"",0,0,0,0,0,0,0,0,0,0,0,,"現金","90466979"
"01","臥虎藏龍 Crouch & Hide : Tiger Dragon Bar","2022-08-02 00:19:10","13","內用",2,"",0,448,0,448,448,427,21,192,640,0,192,"員工眷屬優待","LINE Pay","90466979"
"01","臥虎藏龍 Crouch & Hide : Tiger Dragon Bar","2022-08-02 00:23:11","5","內用",2,"",123,1353,0,1353,1353,1289,64,0,1353,0,0,,"現金","90466979"
"01","臥虎藏龍 Crouch & Hide : Tiger Dragon Bar","2022-08-02 00:32:06","8","內用",2,"",440,4840,0,4840,4840,4610,230,0,4840,0,0,,"信用卡","90466979"
"01","臥虎藏龍 Crouch & Hide : Tiger Dragon Bar","2022-08-02 01:26:16","20","內用",2,"",73,803,0,803,803,765,38,0,803,0,0,,"信用卡","90466979"
"01","臥虎藏龍 Crouch & Hide : Tiger Dragon Bar","2022-08-02 01:28:39","1","內用",2,"",0,0,0,0,0,0,0,0,0,0,0,,"現金","90466979"
"01","臥虎藏龍 Crouch & Hide : Tiger Dragon Bar","2022-08-02 02:02:32","1","內用",2,"",0,640,0,640,640,610,30,0,640,0,0,,"信用卡","90466979"
"01","臥虎藏龍 Crouch & Hide : Tiger Dragon Bar","2022-08-02 17:22:37","2","內用",2,"",0,100,0,100,100,95,5,0,100,0,0,,"現金","90466979"
"01","臥虎藏龍 Crouch & Hide : Tiger Dragon Bar","2022-08-02 21:41:22","3","內用",2,"",165,1320,0,1320,1320,1257,63,495,1815,0,495,"員工眷屬優待","信用卡","90466979"
"01","臥虎藏龍 Crouch & Hide : Tiger Dragon Bar","2022-08-02 22:01:49","10","內用",2,"",42,462,0,462,462,440,22,0,462,0,0,,"現金","ian"
"01","臥虎藏龍 Crouch & Hide : Tiger Dragon Bar","2022-08-02 22:28:49","9","內用",2,"",77,847,0,847,847,807,40,0,847,0,0,,"現金","ian"
"01","臥虎藏龍 Crouch & Hide : Tiger Dragon Bar","2022-08-02 23:00:53","7","內用",2,"",120,1320,0,1320,1320,1257,63,0,1320,0,0,,"信用卡","ian"
"01","臥虎藏龍 Crouch & Hide : Tiger Dragon Bar","2022-08-02 23:21:45","8","內用",2,"",297,3267,0,3267,3267,3111,156,0,3267,0,0,,"信用卡","ian"
"01","臥虎藏龍 Crouch & Hide : Tiger Dragon Bar","2022-08-03 00:07:14","14","內用",2,"",504,5544,0,5544,5544,5280,264,0,5544,0,0,,"信用卡","90466979"
"01","臥虎藏龍 Crouch & Hide : Tiger Dragon Bar","2022-08-03 00:39:10","6","內用",2,"",96,1056,0,1056,1056,1006,50,0,1056,0,0,,"信用卡","ian"
"01","臥虎藏龍 Crouch & Hide : Tiger Dragon Bar","2022-08-03 01:00:32","11","內用",2,"",270,2970,0,2970,2970,2829,141,0,2970,0,0,,"信用卡","ian"
"01","臥虎藏龍 Crouch & Hide : Tiger Dragon Bar","2022-08-03 01:25:01","13","內用",2,"",105,1155,0,1155,1155,1100,55,0,1155,0,0,,"信用卡","ian"
"01","臥虎藏龍 Crouch & Hide : Tiger Dragon Bar","2022-08-03 01:29:17","5","內用",2,"",0,0,0,0,0,0,0,0,0,0,0,,"現金","90466979"
"01","臥虎藏龍 Crouch & Hide : Tiger Dragon Bar","2022-08-03 17:28:29","1","內用",2,"",0,100,0,100,100,95,5,0,100,0,0,,"現金","ian"
"01","臥虎藏龍 Crouch & Hide : Tiger Dragon Bar","2022-08-03 17:28:49","2","內用",2,"",0,100,0,100,100,95,5,0,100,0,0,,"現金","ian"
"01","臥虎藏龍 Crouch & Hide : Tiger Dragon Bar","2022-08-03 20:05:22","10","內用",2,"",35,385,0,385,385,367,18,0,385,0,0,,"信用卡","ian"
"01","臥虎藏龍 Crouch & Hide : Tiger Dragon Bar","2022-08-03 20:31:13","11","內用",2,"",48,528,0,528,528,503,25,0,528,0,0,,"信用卡","ian"
"01","臥虎藏龍 Crouch & Hide : Tiger Dragon Bar","2022-08-03 22:05:46","4","內用",2,"",302,3322,0,3322,3322,3164,158,0,3322,0,0,,"信用卡","ian"
"01","臥虎藏龍 Crouch & Hide : Tiger Dragon Bar","2022-08-03 22:14:36","9","內用",2,"",76,608,0,608,608,579,29,228,836,0,228,"員工眷屬優待","信用卡","ian"
"01","臥虎藏龍 Crouch & Hide : Tiger Dragon Bar","2022-08-03 22:21:53","3","內用",2,"",461,5071,0,5071,5071,4830,241,220,5291,220,0,"店經理招待","現金","ian"
"01","臥虎藏龍 Crouch & Hide : Tiger Dragon Bar","2022-08-03 22:28:22","5","內用",2,"",291,3201,0,3201,3201,3049,152,0,3201,0,0,,"現金","ian"
"01","臥虎藏龍 Crouch & Hide : Tiger Dragon Bar","2022-08-03 22:35:56","14","內用",2,"",24,264,0,264,264,251,13,0,264,0,0,,"信用卡","ian"
"01","臥虎藏龍 Crouch & Hide : Tiger Dragon Bar","2022-08-03 23:23:17","15","內用",2,"",80,880,0,880,880,838,42,0,880,0,0,,"信用卡","90466979"
"01","臥虎藏龍 Crouch & Hide : Tiger Dragon Bar","2022-08-04 00:17:44","19","內用",2,"",117,1037,0,1037,1037,988,49,250,1287,250,0,"PERONI生啤酒買二送一","現金","90466979"
"01","臥虎藏龍 Crouch & Hide : Tiger Dragon Bar","2022-08-04 00:24:57","17","內用",2,"",0,0,0,0,0,0,0,0,0,0,0,,"現金","90466979"
"01","臥虎藏龍 Crouch & Hide : Tiger Dragon Bar","2022-08-04 01:09:32","16-1","內用",2,"",84,924,0,924,924,880,44,0,924,0,0,,"信用卡","90466979"
"01","臥虎藏龍 Crouch & Hide : Tiger Dragon Bar","2022-08-04 01:11:55","18","內用",2,"",107,1177,0,1177,1177,1121,56,0,1177,0,0,,"信用卡","90466979"
"01","臥虎藏龍 Crouch & Hide : Tiger Dragon Bar","2022-08-04 01:18:24","20","內用",2,"",0,0,0,0,0,0,0,0,0,0,0,,"現金","90466979"
"01","臥虎藏龍 Crouch & Hide : Tiger Dragon Bar","2022-08-04 01:26:22","7","內用",2,"",513,5643,0,5643,5643,5374,269,0,5643,0,0,,"信用卡","ian"
"01","臥虎藏龍 Crouch & Hide : Tiger Dragon Bar","2022-08-04 01:32:43","13","內用",2,"",149,1639,0,1639,1639,1561,78,0,1639,0,0,,"現金","ian"
"01","臥虎藏龍 Crouch & Hide : Tiger Dragon Bar","2022-08-04 01:33:44","8","內用",2,"",0,0,0,0,0,0,0,0,0,0,0,,"現金","ian"
"01","臥虎藏龍 Crouch & Hide : Tiger Dragon Bar","2022-08-04 17:25:12","1","內用",2,"",0,100,0,100,100,95,5,0,100,0,0,,"現金","90466979"
"01","臥虎藏龍 Crouch & Hide : Tiger Dragon Bar","2022-08-04 17:57:04","17","內用",2,"",0,100,0,100,100,95,5,0,100,0,0,,"現金","90466979"
"01","臥虎藏龍 Crouch & Hide : Tiger Dragon Bar","2022-08-04 19:27:33","4","內用",2,"",229,2519,0,2519,2519,2399,120,0,2519,0,0,,"信用卡","90466979"
"01","臥虎藏龍 Crouch & Hide : Tiger Dragon Bar","2022-08-04 19:55:12","8","內用",2,"",356,3916,0,3916,3916,3730,186,0,3916,0,0,,"現金","90466979"
"01","臥虎藏龍 Crouch & Hide : Tiger Dragon Bar","2022-08-04 20:20:01","3","內用",2,"",160,1760,0,1760,1760,1676,84,0,1760,0,0,,"現金","90466979"
"01","臥虎藏龍 Crouch & Hide : Tiger Dragon Bar","2022-08-04 20:42:18","16","內用",2,"DK09469933",943,10373,0,10373,10373,9879,494,0,10373,0,0,,"信用卡","90466979"
"01","臥虎藏龍 Crouch & Hide : Tiger Dragon Bar","2022-08-04 21:00:13","5","內用",2,"",155,1705,0,1705,1705,1624,81,0,1705,0,0,,"信用卡","90466979"
"01","臥虎藏龍 Crouch & Hide : Tiger Dragon Bar","2022-08-04 21:03:57","14","內用",2,"",342,3762,0,3762,3762,3583,179,0,3762,0,0,,"現金","90466979"
"01","臥虎藏龍 Crouch & Hide : Tiger Dragon Bar","2022-08-04 21:21:49","2","內用",2,"",329,3619,0,3619,3619,3447,172,0,3619,0,0,,"信用卡、 funNow","90466979"
"01","臥虎藏龍 Crouch & Hide : Tiger Dragon Bar","2022-08-04 21:26:27","13","內用",2,"",62,682,0,682,682,650,32,0,682,0,0,,"現金","90466979"
"01","臥虎藏龍 Crouch & Hide : Tiger Dragon Bar","2022-08-04 21:30:09","12","內用",2,"",213,2343,0,2343,2343,2231,112,0,2343,0,0,,"信用卡","90466979"
"01","臥虎藏龍 Crouch & Hide : Tiger Dragon Bar","2022-08-04 21:34:33","7","內用",2,"",191,1981,0,1981,1981,1887,94,120,2101,120,0,"FunNow白金會員招待開胃小點","funNow、 信用卡","90466979"
"01","臥虎藏龍 Crouch & Hide : Tiger Dragon Bar","2022-08-04 21:42:06","9","內用",2,"",248,2728,0,2728,2728,2598,130,0,2728,0,0,,"現金","90466979"
"01","臥虎藏龍 Crouch & Hide : Tiger Dragon Bar","2022-08-04 22:07:32","6","內用",2,"",148,1628,0,1628,1628,1550,78,0,1628,0,0,,"現金","90466979"
"01","臥虎藏龍 Crouch & Hide : Tiger Dragon Bar","2022-08-04 22:29:57","26","內用",2,"",0,780,0,780,780,743,37,0,780,0,0,,"現金","90466979"
"01","臥虎藏龍 Crouch & Hide : Tiger Dragon Bar","2022-08-04 22:31:58","27","內用",2,"",0,420,0,420,420,400,20,0,420,0,0,,"現金","90466979"
"01","臥虎藏龍 Crouch & Hide : Tiger Dragon Bar","2022-08-04 22:44:12","20","內用",2,"",230,2530,0,2530,2530,2410,120,0,2530,0,0,,"現金","90466979"
"01","臥虎藏龍 Crouch & Hide : Tiger Dragon Bar","2022-08-04 23:00:20","22","內用",2,"",108,1188,0,1188,1188,1131,57,0,1188,0,0,,"現金","90466979"
"01","臥虎藏龍 Crouch & Hide : Tiger Dragon Bar","2022-08-04 23:01:45","23","內用",2,"",104,1144,0,1144,1144,1090,54,0,1144,0,0,,"信用卡","90466979"
"01","臥虎藏龍 Crouch & Hide : Tiger Dragon Bar","2022-08-04 23:11:28","29","內用",2,"",0,0,0,0,0,0,0,0,0,0,0,,"現金","90466979"
"01","臥虎藏龍 Crouch & Hide : Tiger Dragon Bar","2022-08-04 23:23:43","10","內用",2,"",465,4995,0,4995,4995,4757,238,120,5115,120,0,"FunNow白金會員招待開胃小點","信用卡、 funNow","90466979"
"01","臥虎藏龍 Crouch & Hide : Tiger Dragon Bar","2022-08-04 23:46:28","28","內用",2,"",62,682,0,682,682,650,32,0,682,0,0,,"現金","90466979"
"01","臥虎藏龍 Crouch & Hide : Tiger Dragon Bar","2022-08-04 23:47:39","32","內用",2,"",120,1320,0,1320,1320,1257,63,0,1320,0,0,,"現金","90466979"
"01","臥虎藏龍 Crouch & Hide : Tiger Dragon Bar","2022-08-05 00:05:39","33","內用",2,"",0,125,0,125,125,119,6,0,125,0,0,,"現金","90466979"
"01","臥虎藏龍 Crouch & Hide : Tiger Dragon Bar","2022-08-05 00:20:43","31","內用",2,"",98,1078,0,1078,1078,1027,51,0,1078,0,0,,"信用卡","90466979"
"01","臥虎藏龍 Crouch & Hide : Tiger Dragon Bar","2022-08-05 00:30:28","21","內用",2,"",148,1628,0,1628,1628,1550,78,0,1628,0,0,,"信用卡","90466979"
"01","臥虎藏龍 Crouch & Hide : Tiger Dragon Bar","2022-08-05 00:32:37","24","內用",2,"",159,1749,0,1749,1749,1666,83,0,1749,0,0,,"信用卡","90466979"
"01","臥虎藏龍 Crouch & Hide : Tiger Dragon Bar","2022-08-05 00:43:46","19","內用",2,"",449,4939,0,4939,4939,4704,235,0,4939,0,0,,"信用卡","90466979"
"01","臥虎藏龍 Crouch & Hide : Tiger Dragon Bar","2022-08-05 00:56:59","11","內用",2,"",61,671,0,671,671,639,32,0,671,0,0,,"信用卡","90466979"
"01","臥虎藏龍 Crouch & Hide : Tiger Dragon Bar","2022-08-05 00:57:57","34","內用",2,"",0,0,0,0,0,0,0,0,0,0,0,,"現金","90466979"
"01","臥虎藏龍 Crouch & Hide : Tiger Dragon Bar","2022-08-05 01:30:53","36","內用",2,"",70,770,0,770,770,733,37,0,770,0,0,,"信用卡","90466979"
"01","臥虎藏龍 Crouch & Hide : Tiger Dragon Bar","2022-08-05 01:32:27","38","內用",2,"",38,304,0,304,304,290,14,114,418,0,114,"員工眷屬優待","信用卡","90466979"
"01","臥虎藏龍 Crouch & Hide : Tiger Dragon Bar","2022-08-05 01:36:20","30","內用",2,"",179,1969,0,1969,1969,1875,94,0,1969,0,0,,"信用卡","90466979"
"01","臥虎藏龍 Crouch & Hide : Tiger Dragon Bar","2022-08-05 01:38:21","35","內用",2,"",0,0,0,0,0,0,0,0,0,0,0,,"現金","90466979"
"01","臥虎藏龍 Crouch & Hide : Tiger Dragon Bar","2022-08-05 01:42:05","25","內用",2,"",76,608,0,608,608,579,29,228,836,0,228,"員工眷屬優待","現金","90466979"
"01","臥虎藏龍 Crouch & Hide : Tiger Dragon Bar","2022-08-05 01:43:05","15","內用",2,"",322,3542,0,3542,3542,3373,169,0,3542,0,0,,"現金","90466979"
"01","臥虎藏龍 Crouch & Hide : Tiger Dragon Bar","2022-08-05 01:43:59","37","內用",2,"",53,583,0,583,583,555,28,0,583,0,0,,"信用卡","90466979"
"01","臥虎藏龍 Crouch & Hide : Tiger Dragon Bar","2022-08-05 01:44:56","18","內用",2,"",0,0,0,0,0,0,0,0,0,0,0,,"現金","90466979"
"01","臥虎藏龍 Crouch & Hide : Tiger Dragon Bar","2022-08-05 17:44:37","1","內用",2,"",0,100,0,100,100,95,5,0,100,0,0,,"現金","90466979"
"01","臥虎藏龍 Crouch & Hide : Tiger Dragon Bar","2022-08-05 20:58:22","4","內用",2,"",240,2640,0,2640,2640,2514,126,0,2640,0,0,,"信用卡","90466979"
"01","臥虎藏龍 Crouch & Hide : Tiger Dragon Bar","2022-08-05 20:59:19","14","內用",2,"",290,3190,0,3190,3190,3038,152,0,3190,0,0,,"信用卡","90466979"
"01","臥虎藏龍 Crouch & Hide : Tiger Dragon Bar","2022-08-05 21:24:30","2","內用",2,"",168,1848,0,1848,1848,1760,88,0,1848,0,0,,"街口支付","90466979"
"01","臥虎藏龍 Crouch & Hide : Tiger Dragon Bar","2022-08-05 21:59:03","10","內用",2,"",352,3872,0,3872,3872,3688,184,0,3872,0,0,,"信用卡","90466979"
"01","臥虎藏龍 Crouch & Hide : Tiger Dragon Bar","2022-08-05 22:09:23","6","內用",2,"",244,2684,0,2684,2684,2556,128,0,2684,0,0,,"信用卡","90466979"
"01","臥虎藏龍 Crouch & Hide : Tiger Dragon Bar","2022-08-05 22:16:26","17","內用",2,"",154,1694,0,1694,1694,1613,81,0,1694,0,0,,"信用卡","90466979"
"01","臥虎藏龍 Crouch & Hide : Tiger Dragon Bar","2022-08-05 22:25:35","5","內用",2,"",751,8261,0,8261,8261,7868,393,0,8261,0,0,,"信用卡","90466979"
"01","臥虎藏龍 Crouch & Hide : Tiger Dragon Bar","2022-08-05 22:27:33","18","內用",2,"",163,1793,0,1793,1793,1708,85,0,1793,0,0,,"信用卡","90466979"
"01","臥虎藏龍 Crouch & Hide : Tiger Dragon Bar","2022-08-05 22:42:04","12","內用",2,"",158,1738,0,1738,1738,1655,83,0,1738,0,0,,"信用卡","90466979"
"01","臥虎藏龍 Crouch & Hide : Tiger Dragon Bar","2022-08-05 22:45:14","20","內用",2,"",42,462,0,462,462,440,22,0,462,0,0,,"信用卡","90466979"
"01","臥虎藏龍 Crouch & Hide : Tiger Dragon Bar","2022-08-05 23:08:13","26","內用",2,"",117,1287,0,1287,1287,1226,61,0,1287,0,0,,"信用卡","90466979"
"01","臥虎藏龍 Crouch & Hide : Tiger Dragon Bar","2022-08-05 23:42:57","9","內用",2,"",148,1628,0,1628,1628,1550,78,0,1628,0,0,,"信用卡","90466979"
"01","臥虎藏龍 Crouch & Hide : Tiger Dragon Bar","2022-08-05 23:47:35","3","內用",2,"",416,4576,0,4576,4576,4358,218,0,4576,0,0,,"信用卡","90466979"
"01","臥虎藏龍 Crouch & Hide : Tiger Dragon Bar","2022-08-05 23:49:24","24","內用",2,"",132,1452,0,1452,1452,1383,69,0,1452,0,0,,"現金","90466979"
"01","臥虎藏龍 Crouch & Hide : Tiger Dragon Bar","2022-08-05 23:50:19","7","內用",2,"",369,4059,0,4059,4059,3866,193,450,4509,450,0,"店長招待","信用卡","90466979"
"01","臥虎藏龍 Crouch & Hide : Tiger Dragon Bar","2022-08-05 23:54:31","19","內用",2,"",230,2530,0,2530,2530,2410,120,0,2530,0,0,,"信用卡","90466979"
"01","臥虎藏龍 Crouch & Hide : Tiger Dragon Bar","2022-08-06 00:17:25","16","內用",2,"",254,2794,0,2794,2794,2661,133,0,2794,0,0,,"信用卡","90466979"
"01","臥虎藏龍 Crouch & Hide : Tiger Dragon Bar","2022-08-06 00:19:44","8","內用",2,"",368,4048,0,4048,4048,3855,193,0,4048,0,0,,"現金","90466979"
"01","臥虎藏龍 Crouch & Hide : Tiger Dragon Bar","2022-08-06 00:25:44","11","內用",2,"",451,4961,0,4961,4961,4725,236,0,4961,0,0,,"信用卡","90466979"
"01","臥虎藏龍 Crouch & Hide : Tiger Dragon Bar","2022-08-06 00:30:27","25","內用",2,"",96,1056,0,1056,1056,1006,50,0,1056,0,0,,"信用卡","90466979"
"01","臥虎藏龍 Crouch & Hide : Tiger Dragon Bar","2022-08-06 00:40:19","28","內用",2,"",111,1221,0,1221,1221,1163,58,0,1221,0,0,,"信用卡","90466979"
"01","臥虎藏龍 Crouch & Hide : Tiger Dragon Bar","2022-08-06 00:41:52","23","內用",2,"",291,3201,0,3201,3201,3049,152,0,3201,0,0,,"LINE Pay","90466979"
"01","臥虎藏龍 Crouch & Hide : Tiger Dragon Bar","2022-08-06 00:56:40","27","內用",2,"",173,1903,0,1903,1903,1812,91,0,1903,0,0,,"信用卡","90466979"
"01","臥虎藏龍 Crouch & Hide : Tiger Dragon Bar","2022-08-06 01:08:20","32","內用",2,"",0,125,0,125,125,119,6,0,125,0,0,,"現金","90466979"
"01","臥虎藏龍 Crouch & Hide : Tiger Dragon Bar","2022-08-06 01:28:58","21","內用",2,"",701,7711,0,7711,7711,7344,367,0,7711,0,0,,"信用卡","90466979"
"01","臥虎藏龍 Crouch & Hide : Tiger Dragon Bar","2022-08-06 01:56:08","30","內用",2,"",168,1848,0,1848,1848,1760,88,0,1848,0,0,,"信用卡","90466979"
"01","臥虎藏龍 Crouch & Hide : Tiger Dragon Bar","2022-08-06 02:00:16","22","內用",2,"",191,2101,0,2101,2101,2001,100,0,2101,0,0,,"現金","90466979"
"01","臥虎藏龍 Crouch & Hide : Tiger Dragon Bar","2022-08-06 02:17:42","34","內用",2,"",0,450,0,450,450,429,21,0,450,0,0,,"信用卡","90466979"
"01","臥虎藏龍 Crouch & Hide : Tiger Dragon Bar","2022-08-06 02:30:03","31","內用",2,"",164,1804,0,1804,1804,1718,86,0,1804,0,0,,"信用卡","90466979"
"01","臥虎藏龍 Crouch & Hide : Tiger Dragon Bar","2022-08-06 02:31:55","29","內用",2,"",595,6545,0,6545,6545,6233,312,0,6545,0,0,,"信用卡","90466979"
"01","臥虎藏龍 Crouch & Hide : Tiger Dragon Bar","2022-08-06 02:34:39","33","內用",2,"",35,385,0,385,385,367,18,0,385,0,0,,"現金","90466979"
"01","臥虎藏龍 Crouch & Hide : Tiger Dragon Bar","2022-08-06 02:35:55","13","內用",2,"",0,0,0,0,0,0,0,0,0,0,0,,"現金","90466979"
"01","臥虎藏龍 Crouch & Hide : Tiger Dragon Bar","2022-08-06 19:52:37","10","內用",2,"",170,1870,0,1870,1870,1781,89,0,1870,0,0,,"信用卡","90466979"
"01","臥虎藏龍 Crouch & Hide : Tiger Dragon Bar","2022-08-06 20:08:26","9","內用",2,"",210,2190,0,2190,2190,2086,104,120,2310,120,0,"FunNow白金會員招待開胃小點","funNow、 信用卡","90466979"
"01","臥虎藏龍 Crouch & Hide : Tiger Dragon Bar","2022-08-06 20:58:43","7","內用",2,"",273,3003,0,3003,3003,2860,143,0,3003,0,0,,"現金","90466979"
"01","臥虎藏龍 Crouch & Hide : Tiger Dragon Bar","2022-08-06 22:01:43","2","內用",2,"DK09469934",216,2376,0,2376,2376,2263,113,0,2376,0,0,,"信用卡","90466979"
"01","臥虎藏龍 Crouch & Hide : Tiger Dragon Bar","2022-08-06 22:10:18","8","內用",2,"",199,2189,0,2189,2189,2085,104,0,2189,0,0,,"信用卡","90466979"
"01","臥虎藏龍 Crouch & Hide : Tiger Dragon Bar","2022-08-06 22:11:50","11","內用",2,"",687,7557,0,7557,7557,7197,360,0,7557,0,0,,"信用卡","90466979"
"01","臥虎藏龍 Crouch & Hide : Tiger Dragon Bar","2022-08-06 23:00:46","15","內用",2,"",320,3520,0,3520,3520,3352,168,0,3520,0,0,,"信用卡","90466979"
"01","臥虎藏龍 Crouch & Hide : Tiger Dragon Bar","2022-08-06 23:05:36","19","內用",2,"",0,100,0,100,100,95,5,0,100,0,0,,"現金","90466979"
"01","臥虎藏龍 Crouch & Hide : Tiger Dragon Bar","2022-08-06 23:24:58","17","內用",2,"",121,1331,0,1331,1331,1268,63,0,1331,0,0,,"信用卡","90466979"
"01","臥虎藏龍 Crouch & Hide : Tiger Dragon Bar","2022-08-07 00:36:43","20","內用",2,"",84,924,0,924,924,880,44,0,924,0,0,,"現金","90466979"
"01","臥虎藏龍 Crouch & Hide : Tiger Dragon Bar","2022-08-07 00:42:56","21","內用",2,"",115,1265,0,1265,1265,1205,60,0,1265,0,0,,"信用卡","90466979"
"01","臥虎藏龍 Crouch & Hide : Tiger Dragon Bar","2022-08-07 00:45:42","12","內用",2,"",1669,18359,0,18359,18359,17485,874,0,18359,0,0,,"現金","90466979"
"01","臥虎藏龍 Crouch & Hide : Tiger Dragon Bar","2022-08-07 00:48:28","5","內用",2,"",562,6182,0,6182,6182,5888,294,0,6182,0,0,,"信用卡","90466979"
"01","臥虎藏龍 Crouch & Hide : Tiger Dragon Bar","2022-08-07 01:14:25","6","內用",2,"",481,5291,0,5291,5291,5039,252,0,5291,0,0,,"信用卡","90466979"
"01","臥虎藏龍 Crouch & Hide : Tiger Dragon Bar","2022-08-07 01:18:45","25","內用",2,"",0,500,0,500,500,476,24,1500,2000,0,1500,"整單手動折扣","現金","90466979"
"01","臥虎藏龍 Crouch & Hide : Tiger Dragon Bar","2022-08-07 01:20:18","3","內用",2,"",234,2574,0,2574,2574,2451,123,0,2574,0,0,,"信用卡","90466979"
"01","臥虎藏龍 Crouch & Hide : Tiger Dragon Bar","2022-08-07 01:24:57","22","內用",2,"",32,256,0,256,256,244,12,96,352,0,96,"員工眷屬優待","現金","90466979"
"01","臥虎藏龍 Crouch & Hide : Tiger Dragon Bar","2022-08-07 01:38:36","14","內用",2,"",493,5423,0,5423,5423,5165,258,0,5423,0,0,,"信用卡","90466979"
"01","臥虎藏龍 Crouch & Hide : Tiger Dragon Bar","2022-08-07 01:46:30","18","內用",2,"",582,6402,0,6402,6402,6097,305,0,6402,0,0,,"信用卡","90466979"
"01","臥虎藏龍 Crouch & Hide : Tiger Dragon Bar","2022-08-07 01:48:10","23","內用",2,"",32,352,0,352,352,335,17,0,352,0,0,,"現金","90466979"
"01","臥虎藏龍 Crouch & Hide : Tiger Dragon Bar","2022-08-07 02:22:48","16","內用",2,"",154,1694,0,1694,1694,1613,81,0,1694,0,0,,"信用卡","90466979"
"01","臥虎藏龍 Crouch & Hide : Tiger Dragon Bar","2022-08-07 02:26:34","1","內用",2,"",0,0,0,0,0,0,0,0,0,0,0,,"現金","90466979"
"01","臥虎藏龍 Crouch & Hide : Tiger Dragon Bar","2022-08-07 21:34:09","9","內用",2,"",0,100,0,100,100,95,5,0,100,0,0,,"現金","90466979"
"01","臥虎藏龍 Crouch & Hide : Tiger Dragon Bar","2022-08-07 22:06:44","8","內用",2,"",26,200,0,200,200,190,10,86,286,0,86,"整單手動折扣","現金","90466979"
"01","臥虎藏龍 Crouch & Hide : Tiger Dragon Bar","2022-08-07 22:49:23","11","內用",2,"",25,275,0,275,275,262,13,0,275,0,0,,"現金","90466979"
"01","臥虎藏龍 Crouch & Hide : Tiger Dragon Bar","2022-08-07 23:04:02","12","內用",2,"",137,1507,0,1507,1507,1435,72,0,1507,0,0,,"信用卡","90466979"
"01","臥虎藏龍 Crouch & Hide : Tiger Dragon Bar","2022-08-07 23:07:29","3","內用",2,"",537,5907,0,5907,5907,5626,281,0,5907,0,0,,"信用卡","90466979"
"01","臥虎藏龍 Crouch & Hide : Tiger Dragon Bar","2022-08-07 23:27:30","5","內用",2,"",443,4873,0,4873,4873,4641,232,0,4873,0,0,,"現金","90466979"
"01","臥虎藏龍 Crouch & Hide : Tiger Dragon Bar","2022-08-07 23:34:33","6","內用",2,"",157,1727,0,1727,1727,1645,82,0,1727,0,0,,"現金","90466979"
"01","臥虎藏龍 Crouch & Hide : Tiger Dragon Bar","2022-08-07 23:38:22","13-1","內用",2,"",62,682,0,682,682,650,32,0,682,0,0,,"信用卡","90466979"
"01","臥虎藏龍 Crouch & Hide : Tiger Dragon Bar","2022-08-07 23:38:52","13","內用",2,"",45,495,0,495,495,471,24,0,495,0,0,,"信用卡","90466979"
"01","臥虎藏龍 Crouch & Hide : Tiger Dragon Bar","2022-08-08 00:22:13","7","內用",2,"",1439,10387,0,10387,10387,9892,495,5442,15829,500,4942,"PERONI生啤酒買二送一、整單手動折扣、PERONI生啤酒買二送一","信用卡","90466979"
"01","臥虎藏龍 Crouch & Hide : Tiger Dragon Bar","2022-08-08 01:21:15","10","內用",2,"",239,2629,0,2629,2629,2504,125,0,2629,0,0,,"現金","90466979"
"01","臥虎藏龍 Crouch & Hide : Tiger Dragon Bar","2022-08-08 01:23:22","4","內用",2,"",270,2970,0,2970,2970,2829,141,0,2970,0,0,,"信用卡","90466979"
"01","臥虎藏龍 Crouch & Hide : Tiger Dragon Bar","2022-08-08 01:25:35","14","內用",2,"",52,328,0,328,328,312,16,244,572,0,244,"整單手動折扣","現金","90466979"
"01","臥虎藏龍 Crouch & Hide : Tiger Dragon Bar","2022-08-08 01:27:18","15","內用",2,"",25,193,0,193,193,184,9,82,275,0,82,"整單手動折扣","信用卡","90466979"
"01","臥虎藏龍 Crouch & Hide : Tiger Dragon Bar","2022-08-08 01:28:36","1","內用",2,"",0,0,0,0,0,0,0,0,0,0,0,,"現金","90466979"
"01","臥虎藏龍 Crouch & Hide : Tiger Dragon Bar","2022-08-08 01:48:54","18","內用",2,"",194,2134,0,2134,2134,2032,102,0,2134,0,0,,"現金","90466979"
"01","臥虎藏龍 Crouch & Hide : Tiger Dragon Bar","2022-08-08 20:11:23","1","內用",2,"",191,2101,0,2101,2101,2001,100,0,2101,0,0,,"信用卡","90466979"
"01","臥虎藏龍 Crouch & Hide : Tiger Dragon Bar","2022-08-08 23:11:19","4","內用",2,"",613,6743,0,6743,6743,6422,321,0,6743,0,0,,"信用卡","90466979"
"01","臥虎藏龍 Crouch & Hide : Tiger Dragon Bar","2022-08-09 00:07:10","3","內用",2,"",82,631,0,631,631,601,30,271,902,0,271,"整單手動折扣","現金","90466979"
"01","臥虎藏龍 Crouch & Hide : Tiger Dragon Bar","2022-08-09 00:40:36","6","內用",2,"",0,640,0,640,640,610,30,0,640,0,0,,"信用卡","90466979"
"01","臥虎藏龍 Crouch & Hide : Tiger Dragon Bar","2022-08-09 00:51:01","5","內用",2,"",424,4664,0,4664,4664,4442,222,0,4664,0,0,,"信用卡","90466979"
"01","臥虎藏龍 Crouch & Hide : Tiger Dragon Bar","2022-08-09 01:37:59","8","內用",2,"",45,495,0,495,495,471,24,0,495,0,0,,"現金","90466979"
"01","臥虎藏龍 Crouch & Hide : Tiger Dragon Bar","2022-08-09 01:39:14","7","內用",2,"",40,440,0,440,440,419,21,0,440,0,0,,"信用卡","90466979"
"01","臥虎藏龍 Crouch & Hide : Tiger Dragon Bar","2022-08-09 01:43:14","10","內用",2,"",42,462,0,462,462,440,22,0,462,0,0,,"現金","90466979"
"01","臥虎藏龍 Crouch & Hide : Tiger Dragon Bar","2022-08-09 01:45:41","9","內用",2,"",120,1320,0,1320,1320,1257,63,0,1320,0,0,,"信用卡","90466979"
"01","臥虎藏龍 Crouch & Hide : Tiger Dragon Bar","2022-08-09 01:46:38","2","內用",2,"",0,0,0,0,0,0,0,0,0,0,0,,"現金","90466979"
"01","臥虎藏龍 Crouch & Hide : Tiger Dragon Bar","2022-08-09 21:48:20","7","內用",2,"",84,924,0,924,924,880,44,0,924,0,0,,"現金","90466979"
"01","臥虎藏龍 Crouch & Hide : Tiger Dragon Bar","2022-08-09 22:15:35","1","內用",2,"",256,2816,0,2816,2816,2682,134,0,2816,0,0,,"信用卡","90466979"
"01","臥虎藏龍 Crouch & Hide : Tiger Dragon Bar","2022-08-09 22:49:14","4","內用",2,"",407,4477,0,4477,4477,4264,213,0,4477,0,0,,"信用卡","90466979"
"01","臥虎藏龍 Crouch & Hide : Tiger Dragon Bar","2022-08-09 23:30:17","5","內用",2,"",312,3432,0,3432,3432,3269,163,0,3432,0,0,,"信用卡","90466979"
"01","臥虎藏龍 Crouch & Hide : Tiger Dragon Bar","2022-08-09 23:48:15","2-1","內用",2,"",1165,12815,0,12815,12815,12205,610,0,12815,0,0,,"信用卡","90466979"
"01","臥虎藏龍 Crouch & Hide : Tiger Dragon Bar","2022-08-10 00:00:32","8","內用",2,"",80,640,0,640,640,610,30,240,880,0,240,"員工眷屬優待","信用卡","90466979"
"01","臥虎藏龍 Crouch & Hide : Tiger Dragon Bar","2022-08-10 00:08:38","9","內用",2,"",60,660,0,660,660,629,31,0,660,0,0,,"現金","90466979"
"01","臥虎藏龍 Crouch & Hide : Tiger Dragon Bar","2022-08-10 00:15:50","10","內用",2,"",22,242,0,242,242,230,12,0,242,0,0,,"現金","90466979"
"01","臥虎藏龍 Crouch & Hide : Tiger Dragon Bar","2022-08-10 00:40:22","12","內用",2,"",45,495,0,495,495,471,24,0,495,0,0,,"現金","90466979"
"01","臥虎藏龍 Crouch & Hide : Tiger Dragon Bar","2022-08-10 00:42:57","13","內用",2,"",25,275,0,275,275,262,13,0,275,0,0,,"現金","90466979"
"01","臥虎藏龍 Crouch & Hide : Tiger Dragon Bar","2022-08-10 01:32:22","11","內用",2,"",201,2211,0,2211,2211,2106,105,0,2211,0,0,,"信用卡","90466979"
"01","臥虎藏龍 Crouch & Hide : Tiger Dragon Bar","2022-08-10 01:43:55","6","內用",2,"",212,2332,0,2332,2332,2221,111,0,2332,0,0,,"信用卡","90466979"
"01","臥虎藏龍 Crouch & Hide : Tiger Dragon Bar","2022-08-10 01:46:36","6-1","內用",2,"",98,1078,0,1078,1078,1027,51,0,1078,0,0,,"信用卡","90466979"
"01","臥虎藏龍 Crouch & Hide : Tiger Dragon Bar","2022-08-10 01:47:21","3","內用",2,"",0,0,0,0,0,0,0,0,0,0,0,,"現金","90466979"
"01","臥虎藏龍 Crouch & Hide : Tiger Dragon Bar","2022-08-10 01:52:16","16","內用",2,"",0,0,0,0,0,0,0,0,0,0,0,,"現金","90466979"
"01","臥虎藏龍 Crouch & Hide : Tiger Dragon Bar","2022-08-10 20:23:14","6","內用",2,"DK09469935",38,418,0,418,418,398,20,0,418,0,0,,"現金","90466979"
"01","臥虎藏龍 Crouch & Hide : Tiger Dragon Bar","2022-08-10 20:44:12","7","內用",2,"",32,352,0,352,352,335,17,0,352,0,0,,"信用卡","90466979"
"01","臥虎藏龍 Crouch & Hide : Tiger Dragon Bar","2022-08-10 21:00:14","2","內用",2,"",847,9317,0,9317,9317,8873,444,0,9317,0,0,,"信用卡","90466979"
"01","臥虎藏龍 Crouch & Hide : Tiger Dragon Bar","2022-08-10 21:12:25","4","內用",2,"",208,2168,0,2168,2168,2065,103,120,2288,120,0,"FunNow白金會員招待開胃小點","信用卡、 funNow","90466979"
"01","臥虎藏龍 Crouch & Hide : Tiger Dragon Bar","2022-08-10 22:05:59","11","內用",2,"DK09469936",40,440,0,440,440,419,21,0,440,0,0,,"信用卡","90466979"
"01","臥虎藏龍 Crouch & Hide : Tiger Dragon Bar","2022-08-10 23:01:49","13","內用",2,"",0,100,0,100,100,95,5,0,100,0,0,,"現金","90466979"
"01","臥虎藏龍 Crouch & Hide : Tiger Dragon Bar","2022-08-10 23:20:28","12","內用",2,"",86,946,0,946,946,901,45,0,946,0,0,,"現金","90466979"
"01","臥虎藏龍 Crouch & Hide : Tiger Dragon Bar","2022-08-11 00:30:03","10","內用",2,"",114,878,0,878,878,836,42,376,1254,0,376,"整單手動折扣","現金","90466979"
"01","臥虎藏龍 Crouch & Hide : Tiger Dragon Bar","2022-08-11 01:21:21","14","內用",2,"",182,2002,0,2002,2002,1907,95,0,2002,0,0,,"信用卡","90466979"
"01","臥虎藏龍 Crouch & Hide : Tiger Dragon Bar","2022-08-11 01:24:49","15","內用",2,"",26,286,0,286,286,272,14,0,286,0,0,,"現金","90466979"
"01","臥虎藏龍 Crouch & Hide : Tiger Dragon Bar","2022-08-11 01:28:05","3","內用",2,"",0,0,0,0,0,0,0,0,0,0,0,,"現金","90466979"
"01","臥虎藏龍 Crouch & Hide : Tiger Dragon Bar","2022-08-11 02:06:44","1","內用",2,"",76,836,0,836,836,796,40,0,836,0,0,,"現金","90466979"
"01","臥虎藏龍 Crouch & Hide : Tiger Dragon Bar","2022-08-11 17:49:04","6","內用",2,"",0,100,0,100,100,95,5,0,100,0,0,,"現金","90466979"
"01","臥虎藏龍 Crouch & Hide : Tiger Dragon Bar","2022-08-11 18:01:18","15","內用",2,"",0,350,0,350,350,333,17,0,350,0,0,,"信用卡","90466979"
"01","臥虎藏龍 Crouch & Hide : Tiger Dragon Bar","2022-08-11 20:45:07","8","內用",2,"",0,125,0,125,125,119,6,0,125,0,0,,"現金","90466979"
"01","臥虎藏龍 Crouch & Hide : Tiger Dragon Bar","2022-08-11 21:29:46","2","內用",2,"",459,5049,0,5049,5049,4809,240,0,5049,0,0,,"信用卡","90466979"
"01","臥虎藏龍 Crouch & Hide : Tiger Dragon Bar","2022-08-11 21:59:31","3-1","內用",2,"",38,418,0,418,418,398,20,0,418,0,0,,"信用卡","90466979"
"01","臥虎藏龍 Crouch & Hide : Tiger Dragon Bar","2022-08-11 22:32:15","3-2","內用",2,"",118,1298,0,1298,1298,1236,62,0,1298,0,0,,"信用卡","90466979"
"01","臥虎藏龍 Crouch & Hide : Tiger Dragon Bar","2022-08-11 23:52:46","9","內用",2,"",203,1983,0,1983,1983,1889,94,250,2233,250,0,"PERONI生啤酒買二送一","信用卡","90466979"
"01","臥虎藏龍 Crouch & Hide : Tiger Dragon Bar","2022-08-11 23:57:26","4","內用",2,"",316,3476,0,3476,3476,3310,166,0,3476,0,0,,"信用卡","90466979"
"01","臥虎藏龍 Crouch & Hide : Tiger Dragon Bar","2022-08-12 00:29:54","3","內用",2,"",319,3509,0,3509,3509,3342,167,0,3509,0,0,,"信用卡","90466979"
"01","臥虎藏龍 Crouch & Hide : Tiger Dragon Bar","2022-08-12 01:07:27","10","內用",2,"DK09469937",128,1408,0,1408,1408,1341,67,0,1408,0,0,,"現金","90466979"
"01","臥虎藏龍 Crouch & Hide : Tiger Dragon Bar","2022-08-12 01:32:49","5","內用",2,"",152,1672,0,1672,1672,1592,80,0,1672,0,0,,"現金","90466979"
"01","臥虎藏龍 Crouch & Hide : Tiger Dragon Bar","2022-08-12 01:33:08","12","內用",2,"",50,300,0,300,300,286,14,250,550,250,0,"PERONI生啤酒買二送一","現金","90466979"
"01","臥虎藏龍 Crouch & Hide : Tiger Dragon Bar","2022-08-12 01:34:09","11","內用",2,"",25,275,0,275,275,262,13,0,275,0,0,,"信用卡","90466979"
"01","臥虎藏龍 Crouch & Hide : Tiger Dragon Bar","2022-08-12 01:36:01","7","內用",2,"",0,0,0,0,0,0,0,0,0,0,0,,"現金","90466979"
"01","臥虎藏龍 Crouch & Hide : Tiger Dragon Bar","2022-08-12 19:06:09","11","內用",2,"",131,1441,0,1441,1441,1372,69,0,1441,0,0,,"LINE Pay","90466979"
"01","臥虎藏龍 Crouch & Hide : Tiger Dragon Bar","2022-08-12 19:13:03","9","內用",2,"",260,2860,0,2860,2860,2724,136,0,2860,0,0,,"信用卡","90466979"
"01","臥虎藏龍 Crouch & Hide : Tiger Dragon Bar","2022-08-12 20:49:01","12","內用",2,"",231,2541,0,2541,2541,2420,121,0,2541,0,0,,"信用卡","90466979"
"01","臥虎藏龍 Crouch & Hide : Tiger Dragon Bar","2022-08-12 21:23:55","5","內用",2,"",551,6061,0,6061,6061,5772,289,0,6061,0,0,,"現金","90466979"
"01","臥虎藏龍 Crouch & Hide : Tiger Dragon Bar","2022-08-12 21:35:47","16","內用",2,"",176,1816,0,1816,1816,1730,86,120,1936,120,0,"FunNow白金會員招待開胃小點","funNow、 信用卡","90466979"
"01","臥虎藏龍 Crouch & Hide : Tiger Dragon Bar","2022-08-12 21:50:05","6","內用",2,"",268,2948,0,2948,2948,2808,140,0,2948,0,0,,"信用卡","90466979"
"01","臥虎藏龍 Crouch & Hide : Tiger Dragon Bar","2022-08-12 22:08:43","15","內用",2,"",0,1200,0,1200,1200,1143,57,0,1200,0,0,,"信用卡","90466979"
"01","臥虎藏龍 Crouch & Hide : Tiger Dragon Bar","2022-08-12 22:23:19","13","內用",2,"",315,3465,0,3465,3465,3300,165,0,3465,0,0,,"信用卡","90466979"
"01","臥虎藏龍 Crouch & Hide : Tiger Dragon Bar","2022-08-12 22:33:22","2","內用",2,"",485,5335,0,5335,5335,5081,254,0,5335,0,0,,"信用卡","90466979"
"01","臥虎藏龍 Crouch & Hide : Tiger Dragon Bar","2022-08-12 22:46:10","8","內用",2,"",180,1980,0,1980,1980,1886,94,0,1980,0,0,,"信用卡","90466979"
"01","臥虎藏龍 Crouch & Hide : Tiger Dragon Bar","2022-08-12 22:52:57","17","內用",2,"",65,715,0,715,715,681,34,0,715,0,0,,"信用卡","90466979"
"01","臥虎藏龍 Crouch & Hide : Tiger Dragon Bar","2022-08-12 23:27:24","4","內用",2,"",380,4180,0,4180,4180,3981,199,0,4180,0,0,,"現金","90466979"
"01","臥虎藏龍 Crouch & Hide : Tiger Dragon Bar","2022-08-12 23:41:49","19","內用",2,"",151,1661,0,1661,1661,1582,79,0,1661,0,0,,"信用卡","90466979"
"01","臥虎藏龍 Crouch & Hide : Tiger Dragon Bar","2022-08-12 23:46:40","3","內用",2,"",469,5159,0,5159,5159,4913,246,0,5159,0,0,,"信用卡","90466979"
"01","臥虎藏龍 Crouch & Hide : Tiger Dragon Bar","2022-08-12 23:50:17","21","內用",2,"DK09469938",496,5456,0,5456,5456,5196,260,0,5456,0,0,,"現金","90466979"
"01","臥虎藏龍 Crouch & Hide : Tiger Dragon Bar","2022-08-13 00:16:02","10","內用",2,"",350,3850,0,3850,3850,3667,183,0,3850,0,0,,"信用卡","90466979"
"01","臥虎藏龍 Crouch & Hide : Tiger Dragon Bar","2022-08-13 00:55:10","25","內用",2,"",208,2288,0,2288,2288,2179,109,0,2288,0,0,,"信用卡","90466979"
"01","臥虎藏龍 Crouch & Hide : Tiger Dragon Bar","2022-08-13 00:56:30","30","內用",2,"",0,100,0,100,100,95,5,0,100,0,0,,"現金","90466979"
"01","臥虎藏龍 Crouch & Hide : Tiger Dragon Bar","2022-08-13 01:03:11","7","內用",2,"",716,7876,0,7876,7876,7501,375,0,7876,0,0,,"信用卡","90466979"
"01","臥虎藏龍 Crouch & Hide : Tiger Dragon Bar","2022-08-13 01:11:35","24","內用",2,"",128,1408,0,1408,1408,1341,67,0,1408,0,0,,"信用卡","90466979"
"01","臥虎藏龍 Crouch & Hide : Tiger Dragon Bar","2022-08-13 01:23:41","29","內用",2,"",163,1793,0,1793,1793,1708,85,0,1793,0,0,,"信用卡","90466979"
"01","臥虎藏龍 Crouch & Hide : Tiger Dragon Bar","2022-08-13 01:29:45","14","內用",2,"",457,5027,0,5027,5027,4788,239,0,5027,0,0,,"現金","90466979"
"01","臥虎藏龍 Crouch & Hide : Tiger Dragon Bar","2022-08-13 01:44:24","23","內用",2,"",317,3487,0,3487,3487,3321,166,0,3487,0,0,,"信用卡","90466979"
"01","臥虎藏龍 Crouch & Hide : Tiger Dragon Bar","2022-08-13 02:27:18","31","內用",2,"",82,902,0,902,902,859,43,0,902,0,0,,"信用卡","90466979"
"01","臥虎藏龍 Crouch & Hide : Tiger Dragon Bar","2022-08-13 02:31:08","28","內用",2,"",233,2563,0,2563,2563,2441,122,0,2563,0,0,,"LINE Pay","90466979"
"01","臥虎藏龍 Crouch & Hide : Tiger Dragon Bar","2022-08-13 02:32:44","27","內用",2,"",309,3399,0,3399,3399,3237,162,0,3399,0,0,,"現金","90466979"
"01","臥虎藏龍 Crouch & Hide : Tiger Dragon Bar","2022-08-13 02:33:17","1","內用",2,"",0,0,0,0,0,0,0,0,0,0,0,,"現金","90466979"
"01","臥虎藏龍 Crouch & Hide : Tiger Dragon Bar","2022-08-13 19:30:39","8","內用",2,"",245,2695,0,2695,2695,2567,128,0,2695,0,0,,"信用卡","90466979"
"01","臥虎藏龍 Crouch & Hide : Tiger Dragon Bar","2022-08-13 19:43:42","12","內用",2,"",0,125,0,125,125,119,6,0,125,0,0,,"現金","90466979"
"01","臥虎藏龍 Crouch & Hide : Tiger Dragon Bar","2022-08-13 19:46:39","13","內用",2,"",0,100,0,100,100,95,5,0,100,0,0,,"現金","90466979"
"01","臥虎藏龍 Crouch & Hide : Tiger Dragon Bar","2022-08-13 21:21:04","11","內用",2,"",139,1529,0,1529,1529,1456,73,0,1529,0,0,,"信用卡","90466979"
"01","臥虎藏龍 Crouch & Hide : Tiger Dragon Bar","2022-08-13 22:09:25","2","內用",2,"",306,3366,0,3366,3366,3206,160,0,3366,0,0,,"信用卡","90466979"
"01","臥虎藏龍 Crouch & Hide : Tiger Dragon Bar","2022-08-13 22:26:50","15","內用",2,"",198,2178,0,2178,2178,2074,104,0,2178,0,0,,"信用卡","90466979"
"01","臥虎藏龍 Crouch & Hide : Tiger Dragon Bar","2022-08-13 23:23:13","4","內用",2,"",227,2497,0,2497,2497,2378,119,0,2497,0,0,,"信用卡、 funNow","90466979"
"01","臥虎藏龍 Crouch & Hide : Tiger Dragon Bar","2022-08-13 23:27:41","9","內用",2,"",434,4654,0,4654,4654,4432,222,120,4774,120,0,"FunNow白金會員招待開胃小點","funNow、 信用卡","90466979"
"01","臥虎藏龍 Crouch & Hide : Tiger Dragon Bar","2022-08-13 23:38:57","5","內用",2,"",370,4070,0,4070,4070,3876,194,0,4070,0,0,,"信用卡","90466979"
"01","臥虎藏龍 Crouch & Hide : Tiger Dragon Bar","2022-08-13 23:48:05","16","內用",2,"",138,1518,0,1518,1518,1446,72,0,1518,0,0,,"現金","90466979"
"01","臥虎藏龍 Crouch & Hide : Tiger Dragon Bar","2022-08-14 00:01:31","6","內用",2,"",434,4774,0,4774,4774,4547,227,0,4774,0,0,,"信用卡","90466979"
"01","臥虎藏龍 Crouch & Hide : Tiger Dragon Bar","2022-08-14 00:20:49","18","內用",2,"",274,3014,0,3014,3014,2870,144,0,3014,0,0,,"信用卡","90466979"
"01","臥虎藏龍 Crouch & Hide : Tiger Dragon Bar","2022-08-14 00:28:41","21","內用",2,"",156,1716,0,1716,1716,1634,82,0,1716,0,0,,"信用卡","90466979"
"01","臥虎藏龍 Crouch & Hide : Tiger Dragon Bar","2022-08-14 00:32:13","23","內用",2,"",0,100,0,100,100,95,5,0,100,0,0,,"現金","90466979"
"01","臥虎藏龍 Crouch & Hide : Tiger Dragon Bar","2022-08-14 00:34:22","24","內用",2,"",0,100,0,100,100,95,5,0,100,0,0,,"現金","90466979"
"01","臥虎藏龍 Crouch & Hide : Tiger Dragon Bar","2022-08-14 00:45:41","20","內用",2,"",260,2860,0,2860,2860,2724,136,0,2860,0,0,,"信用卡","90466979"
"01","臥虎藏龍 Crouch & Hide : Tiger Dragon Bar","2022-08-14 00:46:56","22","內用",2,"",38,418,0,418,418,398,20,0,418,0,0,,"LINE Pay","90466979"
"01","臥虎藏龍 Crouch & Hide : Tiger Dragon Bar","2022-08-14 00:47:42","1","內用",2,"",677,7447,0,7447,7447,7092,355,0,7447,0,0,,"信用卡","90466979"
"01","臥虎藏龍 Crouch & Hide : Tiger Dragon Bar","2022-08-14 01:04:30","14","內用",2,"",560,6160,0,6160,6160,5867,293,0,6160,0,0,,"現金","90466979"
"01","臥虎藏龍 Crouch & Hide : Tiger Dragon Bar","2022-08-14 01:06:51","7","內用",2,"",193,2123,0,2123,2123,2022,101,0,2123,0,0,,"信用卡","90466979"
"01","臥虎藏龍 Crouch & Hide : Tiger Dragon Bar","2022-08-14 01:07:51","25","內用",2,"",38,418,0,418,418,398,20,0,418,0,0,,"信用卡","90466979"
"01","臥虎藏龍 Crouch & Hide : Tiger Dragon Bar","2022-08-14 01:12:19","3","內用",2,"",682,7502,0,7502,7502,7145,357,0,7502,0,0,,"信用卡","90466979"
"01","臥虎藏龍 Crouch & Hide : Tiger Dragon Bar","2022-08-14 01:23:11","19","內用",2,"",255,2805,0,2805,2805,2671,134,0,2805,0,0,,"現金","90466979"
"01","臥虎藏龍 Crouch & Hide : Tiger Dragon Bar","2022-08-14 02:23:09","27","內用",2,"",338,3718,0,3718,3718,3541,177,0,3718,0,0,,"現金","90466979"
"01","臥虎藏龍 Crouch & Hide : Tiger Dragon Bar","2022-08-14 02:28:33","28","內用",2,"",352,3872,0,3872,3872,3688,184,0,3872,0,0,,"信用卡","90466979"
"01","臥虎藏龍 Crouch & Hide : Tiger Dragon Bar","2022-08-14 02:32:04","17","內用",2,"",513,5643,0,5643,5643,5374,269,0,5643,0,0,,"信用卡","90466979"
"01","臥虎藏龍 Crouch & Hide : Tiger Dragon Bar","2022-08-14 02:33:28","29","內用",2,"",120,1320,0,1320,1320,1257,63,0,1320,0,0,,"信用卡","90466979"
"01","臥虎藏龍 Crouch & Hide : Tiger Dragon Bar","2022-08-14 02:36:17","10","內用",2,"",0,0,0,0,0,0,0,0,0,0,0,,"現金","90466979"
"01","臥虎藏龍 Crouch & Hide : Tiger Dragon Bar","2022-08-14 02:37:41","26","內用",2,"",268,2948,0,2948,2948,2808,140,0,2948,0,0,,"信用卡","90466979"
"01","臥虎藏龍 Crouch & Hide : Tiger Dragon Bar","2022-08-14 21:07:38","9","內用",2,"",0,125,0,125,125,119,6,0,125,0,0,,"現金","90466979"
"01","臥虎藏龍 Crouch & Hide : Tiger Dragon Bar","2022-08-14 21:22:01","3","內用",2,"",256,2816,0,2816,2816,2682,134,0,2816,0,0,,"信用卡","90466979"
"01","臥虎藏龍 Crouch & Hide : Tiger Dragon Bar","2022-08-14 21:39:23","7","內用",2,"",159,1749,0,1749,1749,1666,83,0,1749,0,0,,"信用卡","90466979"
"01","臥虎藏龍 Crouch & Hide : Tiger Dragon Bar","2022-08-14 22:11:49","6","內用",2,"",267,2937,0,2937,2937,2797,140,0,2937,0,0,,"信用卡","90466979"
"01","臥虎藏龍 Crouch & Hide : Tiger Dragon Bar","2022-08-14 22:29:40","2","內用",2,"",185,2035,0,2035,2035,1938,97,0,2035,0,0,,"信用卡","90466979"
"01","臥虎藏龍 Crouch & Hide : Tiger Dragon Bar","2022-08-14 23:56:15","8","內用",2,"",317,3487,0,3487,3487,3321,166,0,3487,0,0,,"現金","90466979"
"01","臥虎藏龍 Crouch & Hide : Tiger Dragon Bar","2022-08-15 00:08:17","10","內用",2,"",220,2420,0,2420,2420,2305,115,0,2420,0,0,,"現金","90466979"
"01","臥虎藏龍 Crouch & Hide : Tiger Dragon Bar","2022-08-15 00:19:47","11","內用",2,"",240,2640,0,2640,2640,2514,126,0,2640,0,0,,"信用卡","90466979"
"01","臥虎藏龍 Crouch & Hide : Tiger Dragon Bar","2022-08-15 01:27:41","13","內用",2,"",0,350,0,350,350,333,17,0,350,0,0,,"現金","90466979"
"01","臥虎藏龍 Crouch & Hide : Tiger Dragon Bar","2022-08-15 01:29:09","4","內用",2,"",389,4279,0,4279,4279,4075,204,0,4279,0,0,,"信用卡","90466979"
"01","臥虎藏龍 Crouch & Hide : Tiger Dragon Bar","2022-08-15 01:33:21","12","內用",2,"",320,3520,0,3520,3520,3352,168,0,3520,0,0,,"信用卡","90466979"
"01","臥虎藏龍 Crouch & Hide : Tiger Dragon Bar","2022-08-15 01:37:20","14","內用",2,"",80,880,0,880,880,838,42,0,880,0,0,,"信用卡","90466979"
"01","臥虎藏龍 Crouch & Hide : Tiger Dragon Bar","2022-08-15 01:39:43","1","內用",2,"",0,0,0,0,0,0,0,0,0,0,0,,"現金","90466979"
"01","臥虎藏龍 Crouch & Hide : Tiger Dragon Bar","2022-08-15 01:47:03","15","內用",2,"",0,1540,0,1540,1540,1467,73,0,1540,0,0,,"信用卡","90466979"
"01","臥虎藏龍 Crouch & Hide : Tiger Dragon Bar","2022-08-15 18:30:16","5","內用",2,"",0,100,0,100,100,95,5,0,100,0,0,,"現金","90466979"
"01","臥虎藏龍 Crouch & Hide : Tiger Dragon Bar","2022-08-15 19:58:51","8","內用",2,"",0,100,0,100,100,95,5,0,100,0,0,,"現金","90466979"
"01","臥虎藏龍 Crouch & Hide : Tiger Dragon Bar","2022-08-15 19:59:55","6","內用",2,"",32,352,0,352,352,335,17,0,352,0,0,,"現金","90466979"
"01","臥虎藏龍 Crouch & Hide : Tiger Dragon Bar","2022-08-15 21:44:26","7","內用",2,"",218,2398,0,2398,2398,2284,114,0,2398,0,0,,"信用卡","90466979"
"01","臥虎藏龍 Crouch & Hide : Tiger Dragon Bar","2022-08-15 22:35:27","4","內用",2,"",327,3347,0,3347,3347,3188,159,250,3597,250,0,"PERONI生啤酒買二送一","信用卡","90466979"
"01","臥虎藏龍 Crouch & Hide : Tiger Dragon Bar","2022-08-15 22:38:19","10","內用",2,"",78,858,0,858,858,817,41,0,858,0,0,,"現金","90466979"
"01","臥虎藏龍 Crouch & Hide : Tiger Dragon Bar","2022-08-16 00:19:37","2","內用",2,"",337,3707,0,3707,3707,3530,177,0,3707,0,0,,"信用卡","90466979"
"01","臥虎藏龍 Crouch & Hide : Tiger Dragon Bar","2022-08-16 01:26:54","11","內用",2,"",40,440,0,440,440,419,21,0,440,0,0,,"現金","90466979"
"01","臥虎藏龍 Crouch & Hide : Tiger Dragon Bar","2022-08-16 01:32:41","9","內用",2,"",377,4147,0,4147,4147,3950,197,0,4147,0,0,,"信用卡","90466979"
"01","臥虎藏龍 Crouch & Hide : Tiger Dragon Bar","2022-08-16 01:38:01","13","內用",2,"",110,1210,0,1210,1210,1152,58,0,1210,0,0,,"現金","90466979"
"01","臥虎藏龍 Crouch & Hide : Tiger Dragon Bar","2022-08-16 01:38:53","12","內用",2,"",43,473,0,473,473,450,23,0,473,0,0,,"現金","90466979"
"01","臥虎藏龍 Crouch & Hide : Tiger Dragon Bar","2022-08-16 01:40:01","3","內用",2,"",539,5679,0,5679,5679,5409,270,250,5929,250,0,"PERONI生啤酒買二送一","信用卡","90466979"
"01","臥虎藏龍 Crouch & Hide : Tiger Dragon Bar","2022-08-16 01:41:25","1","內用",2,"",0,0,0,0,0,0,0,0,0,0,0,,"現金","90466979"
"01","臥虎藏龍 Crouch & Hide : Tiger Dragon Bar","2022-08-16 01:49:14","14","內用",2,"",0,0,0,0,0,0,0,0,0,0,0,,"現金","90466979"
"01","臥虎藏龍 Crouch & Hide : Tiger Dragon Bar","2022-08-16 19:57:27","6","內用",2,"",0,100,0,100,100,95,5,0,100,0,0,,"現金","90466979"
"01","臥虎藏龍 Crouch & Hide : Tiger Dragon Bar","2022-08-16 20:53:36","7","內用",2,"",0,125,0,125,125,119,6,0,125,0,0,,"現金","90466979"
"01","臥虎藏龍 Crouch & Hide : Tiger Dragon Bar","2022-08-16 21:11:17","5","內用",2,"",286,3146,0,3146,3146,2996,150,0,3146,0,0,,"信用卡","90466979"
"01","臥虎藏龍 Crouch & Hide : Tiger Dragon Bar","2022-08-16 21:16:01","8","內用",2,"",0,100,0,100,100,95,5,0,100,0,0,,"現金","90466979"
"01","臥虎藏龍 Crouch & Hide : Tiger Dragon Bar","2022-08-16 21:19:39","9","內用",2,"",0,100,0,100,100,95,5,0,100,0,0,,"現金","90466979"
"01","臥虎藏龍 Crouch & Hide : Tiger Dragon Bar","2022-08-16 22:59:20","10","內用",2,"",122,1342,0,1342,1342,1278,64,0,1342,0,0,,"現金","90466979"
"01","臥虎藏龍 Crouch & Hide : Tiger Dragon Bar","2022-08-16 23:55:38","3","內用",2,"",208,2288,0,2288,2288,2179,109,0,2288,0,0,,"信用卡","90466979"
"01","臥虎藏龍 Crouch & Hide : Tiger Dragon Bar","2022-08-17 00:24:51","11","內用",2,"",84,924,0,924,924,880,44,0,924,0,0,,"信用卡","90466979"
"01","臥虎藏龍 Crouch & Hide : Tiger Dragon Bar","2022-08-17 00:52:17","4","內用",2,"",170,1870,0,1870,1870,1781,89,0,1870,0,0,,"現金","90466979"
"01","臥虎藏龍 Crouch & Hide : Tiger Dragon Bar","2022-08-17 01:25:29","12","內用",2,"",112,1232,0,1232,1232,1173,59,0,1232,0,0,,"信用卡","90466979"
"01","臥虎藏龍 Crouch & Hide : Tiger Dragon Bar","2022-08-17 01:31:23","1","內用",2,"",0,0,0,0,0,0,0,0,0,0,0,,"現金","90466979"
"01","臥虎藏龍 Crouch & Hide : Tiger Dragon Bar","2022-08-17 01:31:50","13","內用",2,"",133,1463,0,1463,1463,1393,70,0,1463,0,0,,"信用卡","90466979"
"01","臥虎藏龍 Crouch & Hide : Tiger Dragon Bar","2022-08-17 19:42:09","6","內用",2,"",88,968,0,968,968,922,46,0,968,0,0,,"信用卡","90466979"
"01","臥虎藏龍 Crouch & Hide : Tiger Dragon Bar","2022-08-17 21:00:50","2","內用",2,"",70,770,0,770,770,733,37,0,770,0,0,,"現金","90466979"
"01","臥虎藏龍 Crouch & Hide : Tiger Dragon Bar","2022-08-17 22:34:43","7","內用",2,"",115,1265,0,1265,1265,1205,60,0,1265,0,0,,"信用卡","90466979"
"01","臥虎藏龍 Crouch & Hide : Tiger Dragon Bar","2022-08-17 22:49:49","8","內用",2,"",191,2101,0,2101,2101,2001,100,0,2101,0,0,,"信用卡","90466979"
"01","臥虎藏龍 Crouch & Hide : Tiger Dragon Bar","2022-08-17 23:22:51","4","內用",2,"",645,7095,0,7095,7095,6757,338,0,7095,0,0,,"現金","90466979"
"01","臥虎藏龍 Crouch & Hide : Tiger Dragon Bar","2022-08-17 23:23:50","5","內用",2,"",682,7502,0,7502,7502,7145,357,0,7502,0,0,,"現金","90466979"
"01","臥虎藏龍 Crouch & Hide : Tiger Dragon Bar","2022-08-17 23:42:00","11","內用",2,"",156,1716,0,1716,1716,1634,82,0,1716,0,0,,"信用卡","90466979"
"01","臥虎藏龍 Crouch & Hide : Tiger Dragon Bar","2022-08-18 00:09:40","10","內用",2,"",0,224,0,224,224,213,11,96,320,0,96,"員工眷屬優待","信用卡","90466979"
"01","臥虎藏龍 Crouch & Hide : Tiger Dragon Bar","2022-08-18 01:07:30","3","內用",2,"",304,3344,0,3344,3344,3185,159,0,3344,0,0,,"信用卡","90466979"
"01","臥虎藏龍 Crouch & Hide : Tiger Dragon Bar","2022-08-18 01:30:21","9","內用",2,"",831,9141,0,9141,9141,8706,435,0,9141,0,0,,"信用卡","90466979"
"01","臥虎藏龍 Crouch & Hide : Tiger Dragon Bar","2022-08-18 01:33:28","3-1","內用",2,"",222,2442,0,2442,2442,2326,116,0,2442,0,0,,"信用卡","90466979"
"01","臥虎藏龍 Crouch & Hide : Tiger Dragon Bar","2022-08-18 01:36:22","12","內用",2,"",115,1265,0,1265,1265,1205,60,0,1265,0,0,,"信用卡","90466979"
"01","臥虎藏龍 Crouch & Hide : Tiger Dragon Bar","2022-08-18 01:36:54","1","內用",2,"",0,0,0,0,0,0,0,0,0,0,0,,"現金","90466979"
"01","臥虎藏龍 Crouch & Hide : Tiger Dragon Bar","2022-08-18 02:04:42","1","內用",2,"",20,220,0,220,220,210,10,0,220,0,0,,"信用卡","90466979"
"01","臥虎藏龍 Crouch & Hide : Tiger Dragon Bar","2022-08-18 17:42:17","5","內用",2,"",0,100,0,100,100,95,5,0,100,0,0,,"現金","90466979"
"01","臥虎藏龍 Crouch & Hide : Tiger Dragon Bar","2022-08-18 17:45:24","6","內用",2,"",0,100,0,100,100,95,5,0,100,0,0,,"現金","90466979"
"01","臥虎藏龍 Crouch & Hide : Tiger Dragon Bar","2022-08-18 17:48:55","7","內用",2,"",0,125,0,125,125,119,6,0,125,0,0,,"現金","90466979"
"01","臥虎藏龍 Crouch & Hide : Tiger Dragon Bar","2022-08-18 20:32:27","4","內用",2,"",166,1826,0,1826,1826,1739,87,0,1826,0,0,,"信用卡","90466979"
"01","臥虎藏龍 Crouch & Hide : Tiger Dragon Bar","2022-08-18 22:27:08","3","內用",2,"",185,1785,0,1785,1785,1700,85,250,2035,250,0,"PERONI生啤酒買二送一","信用卡","90466979"
"01","臥虎藏龍 Crouch & Hide : Tiger Dragon Bar","2022-08-18 23:15:20","9","內用",2,"",158,1738,0,1738,1738,1655,83,0,1738,0,0,,"LINE Pay","90466979"
"01","臥虎藏龍 Crouch & Hide : Tiger Dragon Bar","2022-08-18 23:49:32","8","內用",2,"",162,1782,0,1782,1782,1697,85,0,1782,0,0,,"信用卡","90466979"
"01","臥虎藏龍 Crouch & Hide : Tiger Dragon Bar","2022-08-19 00:14:00","12","內用",2,"",197,2047,0,2047,2047,1950,97,120,2167,120,0,"FunNow白金會員招待開胃小點","funNow、 信用卡","90466979"
"01","臥虎藏龍 Crouch & Hide : Tiger Dragon Bar","2022-08-19 00:37:19","2","內用",2,"",0,0,0,0,0,0,0,0,0,0,0,,"現金","90466979"
"01","臥虎藏龍 Crouch & Hide : Tiger Dragon Bar","2022-08-19 17:50:51","12","內用",2,"",0,125,0,125,125,119,6,0,125,0,0,,"現金","90466979"
"01","臥虎藏龍 Crouch & Hide : Tiger Dragon Bar","2022-08-19 18:56:20","14","內用",2,"",0,100,0,100,100,95,5,0,100,0,0,,"現金","90466979"
"01","臥虎藏龍 Crouch & Hide : Tiger Dragon Bar","2022-08-19 20:24:21","5","內用",2,"",395,4345,0,4345,4345,4138,207,0,4345,0,0,,"信用卡","90466979"
"01","臥虎藏龍 Crouch & Hide : Tiger Dragon Bar","2022-08-19 21:19:04","3","內用",2,"",1384,15224,0,15224,15224,14499,725,0,15224,0,0,,"信用卡","90466979"
"01","臥虎藏龍 Crouch & Hide : Tiger Dragon Bar","2022-08-19 21:30:46","6","內用",2,"",128,1408,0,1408,1408,1341,67,0,1408,0,0,,"信用卡","90466979"
"01","臥虎藏龍 Crouch & Hide : Tiger Dragon Bar","2022-08-19 21:32:28","4","內用",2,"",235,2585,0,2585,2585,2462,123,0,2585,0,0,,"信用卡","90466979"
"01","臥虎藏龍 Crouch & Hide : Tiger Dragon Bar","2022-08-19 21:36:10","16","內用",2,"",164,1804,0,1804,1804,1718,86,0,1804,0,0,,"信用卡、 funNow","90466979"
"01","臥虎藏龍 Crouch & Hide : Tiger Dragon Bar","2022-08-19 21:45:34","8","內用",2,"",154,1694,0,1694,1694,1613,81,0,1694,0,0,,"信用卡","90466979"
"01","臥虎藏龍 Crouch & Hide : Tiger Dragon Bar","2022-08-19 21:46:21","2","內用",2,"DK09469939",909,9999,0,9999,9999,9523,476,0,9999,0,0,,"信用卡","90466979"
"01","臥虎藏龍 Crouch & Hide : Tiger Dragon Bar","2022-08-19 21:53:15","17","內用",2,"",76,836,0,836,836,796,40,0,836,0,0,,"信用卡","90466979"
"01","臥虎藏龍 Crouch & Hide : Tiger Dragon Bar","2022-08-19 22:15:53","15","內用",2,"",236,2596,0,2596,2596,2472,124,0,2596,0,0,,"信用卡","90466979"
"01","臥虎藏龍 Crouch & Hide : Tiger Dragon Bar","2022-08-19 22:25:24","9","內用",2,"",207,2277,0,2277,2277,2169,108,0,2277,0,0,,"信用卡","90466979"
"01","臥虎藏龍 Crouch & Hide : Tiger Dragon Bar","2022-08-19 23:07:00","7","內用",2,"",176,1936,0,1936,1936,1844,92,0,1936,0,0,,"現金","90466979"
"01","臥虎藏龍 Crouch & Hide : Tiger Dragon Bar","2022-08-19 23:30:33","11","內用",2,"",493,5423,0,5423,5423,5165,258,0,5423,0,0,,"信用卡","90466979"
"01","臥虎藏龍 Crouch & Hide : Tiger Dragon Bar","2022-08-19 23:52:33","22","內用",2,"",182,2002,0,2002,2002,1907,95,0,2002,0,0,,"信用卡","90466979"
"01","臥虎藏龍 Crouch & Hide : Tiger Dragon Bar","2022-08-20 00:14:44","26","內用",2,"",67,737,0,737,737,702,35,0,737,0,0,,"信用卡","90466979"
"01","臥虎藏龍 Crouch & Hide : Tiger Dragon Bar","2022-08-20 00:16:46","24","內用",2,"",104,1144,0,1144,1144,1090,54,0,1144,0,0,,"現金","90466979"
"01","臥虎藏龍 Crouch & Hide : Tiger Dragon Bar","2022-08-20 00:26:34","19","內用",2,"",220,2420,0,2420,2420,2305,115,0,2420,0,0,,"信用卡","90466979"
"01","臥虎藏龍 Crouch & Hide : Tiger Dragon Bar","2022-08-20 00:27:35","25","內用",2,"",112,1232,0,1232,1232,1173,59,0,1232,0,0,,"信用卡","90466979"
"01","臥虎藏龍 Crouch & Hide : Tiger Dragon Bar","2022-08-20 00:29:19","18","內用",2,"DK09469940",246,2706,0,2706,2706,2577,129,0,2706,0,0,,"信用卡","90466979"
"01","臥虎藏龍 Crouch & Hide : Tiger Dragon Bar","2022-08-20 00:33:29","27","內用",2,"",158,1738,0,1738,1738,1655,83,0,1738,0,0,,"信用卡","90466979"
"01","臥虎藏龍 Crouch & Hide : Tiger Dragon Bar","2022-08-20 00:38:32","23","內用",2,"",197,2167,0,2167,2167,2064,103,0,2167,0,0,,"信用卡","90466979"
"01","臥虎藏龍 Crouch & Hide : Tiger Dragon Bar","2022-08-20 00:57:50","20","內用",2,"",307,3377,0,3377,3377,3216,161,0,3377,0,0,,"信用卡","90466979"
"01","臥虎藏龍 Crouch & Hide : Tiger Dragon Bar","2022-08-20 01:34:33","28","內用",2,"",0,980,0,980,980,933,47,420,1400,0,420,"員工眷屬優待","信用卡","90466979"
"01","臥虎藏龍 Crouch & Hide : Tiger Dragon Bar","2022-08-20 02:19:05","31","內用",2,"DK09469941",260,2860,0,2860,2860,2724,136,0,2860,0,0,,"信用卡","90466979"
"01","臥虎藏龍 Crouch & Hide : Tiger Dragon Bar","2022-08-20 02:31:34","29","內用",2,"",0,630,0,630,630,600,30,270,900,0,270,"員工眷屬優待","現金","90466979"
"01","臥虎藏龍 Crouch & Hide : Tiger Dragon Bar","2022-08-20 02:40:52","30","內用",2,"",587,6457,0,6457,6457,6150,307,0,6457,0,0,,"信用卡","90466979"
"01","臥虎藏龍 Crouch & Hide : Tiger Dragon Bar","2022-08-20 02:48:00","13","內用",2,"",0,0,0,0,0,0,0,0,0,0,0,,"現金","90466979"
"01","臥虎藏龍 Crouch & Hide : Tiger Dragon Bar","2022-08-20 02:57:29","33","內用",2,"",0,245,0,245,245,233,12,105,350,0,105,"員工眷屬優待","信用卡","90466979"
"01","臥虎藏龍 Crouch & Hide : Tiger Dragon Bar","2022-08-20 03:06:59","10","內用",2,"",3222,35442,0,35442,35442,33754,1688,0,35442,0,0,,"信用卡、 現金","90466979"
"01","臥虎藏龍 Crouch & Hide : Tiger Dragon Bar","2022-08-20 03:08:17","34","內用",2,"",0,0,0,0,0,0,0,0,0,0,0,,"現金","90466979"
"01","臥虎藏龍 Crouch & Hide : Tiger Dragon Bar","2022-08-20 03:20:45","35","內用",2,"",113,1243,0,1243,1243,1184,59,0,1243,0,0,,"信用卡","90466979"
"01","臥虎藏龍 Crouch & Hide : Tiger Dragon Bar","2022-08-20 03:34:47","1","內用",2,"",64,704,0,704,704,670,34,0,704,0,0,,"信用卡","90466979"
"01","臥虎藏龍 Crouch & Hide : Tiger Dragon Bar","2022-08-20 03:56:00","2","內用",2,"",0,125,0,125,125,119,6,0,125,0,0,,"現金","90466979"
"01","臥虎藏龍 Crouch & Hide : Tiger Dragon Bar","2022-08-20 05:37:41","3","內用",2,"",0,1230,0,1230,1230,1171,59,800,2030,0,800,"整單手動折扣","信用卡","90466979"
"01","臥虎藏龍 Crouch & Hide : Tiger Dragon Bar","2022-08-20 05:39:35","4","內用",2,"",0,320,0,320,320,305,15,0,320,0,0,,"信用卡","90466979"
"01","臥虎藏龍 Crouch & Hide : Tiger Dragon Bar","2022-08-20 17:20:06","7","內用",2,"",0,125,0,125,125,119,6,0,125,0,0,,"現金","90466979"
"01","臥虎藏龍 Crouch & Hide : Tiger Dragon Bar","2022-08-20 21:24:45","16","內用",2,"",321,3531,0,3531,3531,3363,168,0,3531,0,0,,"信用卡","90466979"
"01","臥虎藏龍 Crouch & Hide : Tiger Dragon Bar","2022-08-20 21:48:47","14","內用",2,"",252,2772,0,2772,2772,2640,132,0,2772,0,0,,"信用卡","90466979"
"01","臥虎藏龍 Crouch & Hide : Tiger Dragon Bar","2022-08-20 22:13:37","11","內用",2,"",130,1430,0,1430,1430,1362,68,0,1430,0,0,,"現金","90466979"
"01","臥虎藏龍 Crouch & Hide : Tiger Dragon Bar","2022-08-20 22:25:55","22","內用",2,"",82,902,0,902,902,859,43,0,902,0,0,,"信用卡","90466979"
"01","臥虎藏龍 Crouch & Hide : Tiger Dragon Bar","2022-08-20 22:28:29","13","內用",2,"",247,2717,0,2717,2717,2588,129,0,2717,0,0,,"信用卡","90466979"
"01","臥虎藏龍 Crouch & Hide : Tiger Dragon Bar","2022-08-20 22:51:37","17","內用",2,"",180,1980,0,1980,1980,1886,94,0,1980,0,0,,"現金","90466979"
"01","臥虎藏龍 Crouch & Hide : Tiger Dragon Bar","2022-08-20 23:07:37","12","內用",2,"DK09469942",177,1947,0,1947,1947,1854,93,0,1947,0,0,,"信用卡","90466979"
"01","臥虎藏龍 Crouch & Hide : Tiger Dragon Bar","2022-08-20 23:08:07","9","內用",2,"",565,6215,0,6215,6215,5919,296,0,6215,0,0,,"信用卡","90466979"
"01","臥虎藏龍 Crouch & Hide : Tiger Dragon Bar","2022-08-20 23:33:25","23","內用",2,"",197,2167,0,2167,2167,2064,103,0,2167,0,0,,"信用卡","90466979"
"01","臥虎藏龍 Crouch & Hide : Tiger Dragon Bar","2022-08-20 23:43:28","30","內用",2,"",0,125,0,125,125,119,6,0,125,0,0,,"現金","90466979"
"01","臥虎藏龍 Crouch & Hide : Tiger Dragon Bar","2022-08-21 00:09:45","10","內用",2,"",351,3861,0,3861,3861,3677,184,0,3861,0,0,,"信用卡","90466979"
"01","臥虎藏龍 Crouch & Hide : Tiger Dragon Bar","2022-08-21 00:11:55","21","內用",2,"",434,4774,0,4774,4774,4547,227,0,4774,0,0,,"信用卡","90466979"
"01","臥虎藏龍 Crouch & Hide : Tiger Dragon Bar","2022-08-21 00:24:32","8","內用",2,"",730,8030,0,8030,8030,7648,382,0,8030,0,0,,"信用卡","90466979"
"01","臥虎藏龍 Crouch & Hide : Tiger Dragon Bar","2022-08-21 00:28:43","31","內用",2,"",80,880,0,880,880,838,42,0,880,0,0,,"信用卡","90466979"
"01","臥虎藏龍 Crouch & Hide : Tiger Dragon Bar","2022-08-21 01:29:12","25","內用",2,"",300,3300,0,3300,3300,3143,157,0,3300,0,0,,"信用卡","90466979"
"01","臥虎藏龍 Crouch & Hide : Tiger Dragon Bar","2022-08-21 01:35:55","28","內用",2,"",303,3333,0,3333,3333,3174,159,0,3333,0,0,,"信用卡","90466979"
"01","臥虎藏龍 Crouch & Hide : Tiger Dragon Bar","2022-08-21 01:43:25","24","內用",2,"",255,2805,0,2805,2805,2671,134,0,2805,0,0,,"信用卡","90466979"
"01","臥虎藏龍 Crouch & Hide : Tiger Dragon Bar","2022-08-21 02:09:21","29","內用",2,"",853,9383,0,9383,9383,8936,447,0,9383,0,0,,"信用卡","90466979"
"01","臥虎藏龍 Crouch & Hide : Tiger Dragon Bar","2022-08-21 02:23:32","5","內用",2,"",0,0,0,0,0,0,0,0,0,0,0,,"現金","90466979"
"01","臥虎藏龍 Crouch & Hide : Tiger Dragon Bar","2022-08-21 20:21:04","3","內用",2,"DK09469943",321,3531,0,3531,3531,3363,168,0,3531,0,0,,"信用卡","90466979"
"01","臥虎藏龍 Crouch & Hide : Tiger Dragon Bar","2022-08-21 20:27:23","1","內用",2,"",422,4642,0,4642,4642,4421,221,0,4642,0,0,,"信用卡","90466979"
"01","臥虎藏龍 Crouch & Hide : Tiger Dragon Bar","2022-08-21 22:22:27","6","內用",2,"",198,2178,0,2178,2178,2074,104,0,2178,0,0,,"現金","90466979"
"01","臥虎藏龍 Crouch & Hide : Tiger Dragon Bar","2022-08-21 22:39:46","9","內用",2,"",246,2706,0,2706,2706,2577,129,0,2706,0,0,,"現金","90466979"
"01","臥虎藏龍 Crouch & Hide : Tiger Dragon Bar","2022-08-21 23:13:01","11","內用",2,"",40,440,0,440,440,419,21,0,440,0,0,,"信用卡","90466979"
"01","臥虎藏龍 Crouch & Hide : Tiger Dragon Bar","2022-08-21 23:53:00","8","內用",2,"",692,6862,0,6862,6862,6535,327,750,7612,750,0,"PERONI生啤酒買二送一、PERONI生啤酒買二送一、PERONI生啤酒買二送一","信用卡","90466979"
"01","臥虎藏龍 Crouch & Hide : Tiger Dragon Bar","2022-08-22 00:53:17","7","內用",2,"",216,2376,0,2376,2376,2263,113,0,2376,0,0,,"信用卡","90466979"
"01","臥虎藏龍 Crouch & Hide : Tiger Dragon Bar","2022-08-22 01:23:19","5","內用",2,"",70,770,0,770,770,733,37,0,770,0,0,,"現金","90466979"
"01","臥虎藏龍 Crouch & Hide : Tiger Dragon Bar","2022-08-22 01:44:19","12","內用",2,"",0,780,0,780,780,743,37,0,780,0,0,,"現金","90466979"
"01","臥虎藏龍 Crouch & Hide : Tiger Dragon Bar","2022-08-22 01:46:30","15","內用",2,"",258,2838,0,2838,2838,2703,135,0,2838,0,0,,"現金","90466979"
"01","臥虎藏龍 Crouch & Hide : Tiger Dragon Bar","2022-08-22 01:47:05","4","內用",2,"",0,0,0,0,0,0,0,0,0,0,0,,"現金","90466979"
"01","臥虎藏龍 Crouch & Hide : Tiger Dragon Bar","2022-08-22 18:01:45","5","內用",2,"",0,100,0,100,100,95,5,0,100,0,0,,"現金","90466979"
"01","臥虎藏龍 Crouch & Hide : Tiger Dragon Bar","2022-08-22 20:08:06","8","內用",2,"",35,385,0,385,385,367,18,0,385,0,0,,"現金","90466979"
"01","臥虎藏龍 Crouch & Hide : Tiger Dragon Bar","2022-08-22 21:12:13","3","內用",2,"DK09469944",495,5445,0,5445,5445,5186,259,0,5445,0,0,,"信用卡","90466979"
"01","臥虎藏龍 Crouch & Hide : Tiger Dragon Bar","2022-08-22 21:31:30","9","內用",2,"",0,100,0,100,100,95,5,0,100,0,0,,"現金","90466979"
"01","臥虎藏龍 Crouch & Hide : Tiger Dragon Bar","2022-08-23 00:11:14","7","內用",2,"",829,9119,0,9119,9119,8685,434,0,9119,0,0,,"信用卡","90466979"
"01","臥虎藏龍 Crouch & Hide : Tiger Dragon Bar","2022-08-23 00:12:53","4","內用",2,"",2074,22814,0,22814,22814,21728,1086,0,22814,0,0,,"信用卡","90466979"
"01","臥虎藏龍 Crouch & Hide : Tiger Dragon Bar","2022-08-23 00:34:48","10","內用",2,"",249,2739,0,2739,2739,2609,130,0,2739,0,0,,"現金","90466979"
"01","臥虎藏龍 Crouch & Hide : Tiger Dragon Bar","2022-08-23 01:42:16","14","內用",2,"",102,1122,0,1122,1122,1069,53,0,1122,0,0,,"現金","90466979"
"01","臥虎藏龍 Crouch & Hide : Tiger Dragon Bar","2022-08-23 01:44:13","1","內用",2,"",0,7650,0,7650,7650,7286,364,250,7900,250,0,"PERONI生啤酒買二送一","信用卡","90466979"
"01","臥虎藏龍 Crouch & Hide : Tiger Dragon Bar","2022-08-23 01:54:50","2","內用",2,"",291,3201,0,3201,3201,3049,152,0,3201,0,0,,"信用卡","90466979"
"01","臥虎藏龍 Crouch & Hide : Tiger Dragon Bar","2022-08-23 01:59:01","15","內用",2,"",0,125,0,125,125,119,6,0,125,0,0,,"現金","90466979"
"01","臥虎藏龍 Crouch & Hide : Tiger Dragon Bar","2022-08-23 01:59:24","6","內用",2,"",0,0,0,0,0,0,0,0,0,0,0,,"現金","90466979"
"01","臥虎藏龍 Crouch & Hide : Tiger Dragon Bar","2022-08-23 02:18:52","1","內用",2,"",450,4950,0,4950,4950,4714,236,0,4950,0,0,,"信用卡","90466979"
"01","臥虎藏龍 Crouch & Hide : Tiger Dragon Bar","2022-08-23 02:39:09","2","內用",2,"",35,385,0,385,385,367,18,0,385,0,0,,"信用卡","90466979"
"01","臥虎藏龍 Crouch & Hide : Tiger Dragon Bar","2022-08-23 20:37:43","6","內用",2,"",0,100,0,100,100,95,5,0,100,0,0,,"現金","90466979"
"01","臥虎藏龍 Crouch & Hide : Tiger Dragon Bar","2022-08-23 22:05:48","7","內用",2,"",0,260,0,260,260,248,12,0,260,0,0,,"現金","90466979"
"01","臥虎藏龍 Crouch & Hide : Tiger Dragon Bar","2022-08-24 00:03:03","9","內用",2,"",0,300,0,300,300,286,14,0,300,0,0,,"現金","90466979"
"01","臥虎藏龍 Crouch & Hide : Tiger Dragon Bar","2022-08-24 00:44:27","5","內用",2,"",194,2134,0,2134,2134,2032,102,0,2134,0,0,,"信用卡","90466979"
"01","臥虎藏龍 Crouch & Hide : Tiger Dragon Bar","2022-08-24 00:48:35","3","內用",2,"",325,3575,0,3575,3575,3405,170,0,3575,0,0,,"現金","90466979"
"01","臥虎藏龍 Crouch & Hide : Tiger Dragon Bar","2022-08-24 01:13:07","8","內用",2,"",384,4224,0,4224,4224,4023,201,0,4224,0,0,,"信用卡","90466979"
"01","臥虎藏龍 Crouch & Hide : Tiger Dragon Bar","2022-08-24 01:16:23","10","內用",2,"",349,3839,0,3839,3839,3656,183,0,3839,0,0,,"信用卡","90466979"
"01","臥虎藏龍 Crouch & Hide : Tiger Dragon Bar","2022-08-24 01:41:29","4","內用",2,"",0,0,0,0,0,0,0,0,0,0,0,,"現金","90466979"
"01","臥虎藏龍 Crouch & Hide : Tiger Dragon Bar","2022-08-24 20:37:16","2","內用",2,"",331,3641,0,3641,3641,3468,173,0,3641,0,0,,"信用卡","90466979"
"01","臥虎藏龍 Crouch & Hide : Tiger Dragon Bar","2022-08-24 21:04:06","4","內用",2,"",351,3861,0,3861,3861,3677,184,0,3861,0,0,,"LINE Pay","90466979"
"01","臥虎藏龍 Crouch & Hide : Tiger Dragon Bar","2022-08-24 22:54:56","11","內用",2,"",222,2442,0,2442,2442,2326,116,0,2442,0,0,,"信用卡","90466979"
"01","臥虎藏龍 Crouch & Hide : Tiger Dragon Bar","2022-08-24 23:09:12","6","內用",2,"DK09469945",479,5269,0,5269,5269,5018,251,0,5269,0,0,,"信用卡","90466979"
"01","臥虎藏龍 Crouch & Hide : Tiger Dragon Bar","2022-08-24 23:17:20","13","內用",2,"",110,1210,0,1210,1210,1152,58,200,1410,200,0,"店長招待、店長招待","信用卡","90466979"
"01","臥虎藏龍 Crouch & Hide : Tiger Dragon Bar","2022-08-24 23:31:53","10","內用",2,"",165,1815,0,1815,1815,1729,86,0,1815,0,0,,"信用卡","90466979"
"01","臥虎藏龍 Crouch & Hide : Tiger Dragon Bar","2022-08-24 23:40:14","12","內用",2,"",115,1015,0,1015,1015,967,48,250,1265,250,0,"PERONI生啤酒買二送一","信用卡","90466979"
"01","臥虎藏龍 Crouch & Hide : Tiger Dragon Bar","2022-08-24 23:42:19","9","內用",2,"",162,1782,0,1782,1782,1697,85,0,1782,0,0,,"信用卡","90466979"
"01","臥虎藏龍 Crouch & Hide : Tiger Dragon Bar","2022-08-25 00:02:27","3","內用",2,"",75,575,0,575,575,548,27,250,825,250,0,"PERONI生啤酒買二送一","現金","90466979"
"01","臥虎藏龍 Crouch & Hide : Tiger Dragon Bar","2022-08-25 00:09:26","1-1","內用",2,"DK09469946",272,2992,0,2992,2992,2850,142,0,2992,0,0,,"信用卡","90466979"
"01","臥虎藏龍 Crouch & Hide : Tiger Dragon Bar","2022-08-25 00:13:13","1","內用",2,"",729,8019,0,8019,8019,7637,382,0,8019,0,0,,"信用卡","90466979"
"01","臥虎藏龍 Crouch & Hide : Tiger Dragon Bar","2022-08-25 00:27:57","5","內用",2,"",914,10054,0,10054,10054,9575,479,0,10054,0,0,,"信用卡","90466979"
"01","臥虎藏龍 Crouch & Hide : Tiger Dragon Bar","2022-08-25 01:32:40","14","內用",2,"",1008,11088,0,11088,11088,10560,528,0,11088,0,0,,"信用卡","90466979"
"01","臥虎藏龍 Crouch & Hide : Tiger Dragon Bar","2022-08-25 01:37:05","7","內用",2,"",0,0,0,0,0,0,0,0,0,0,0,,"現金","90466979"
"01","臥虎藏龍 Crouch & Hide : Tiger Dragon Bar","2022-08-25 01:37:12","8","內用",2,"",0,300,0,300,300,286,14,240,540,180,60,"店經理招待、整單手動折扣","現金","90466979"
"01","臥虎藏龍 Crouch & Hide : Tiger Dragon Bar","2022-08-25 21:15:36","4","內用",2,"",96,1056,0,1056,1056,1006,50,0,1056,0,0,,"信用卡","90466979"
"01","臥虎藏龍 Crouch & Hide : Tiger Dragon Bar","2022-08-25 21:47:49","1","內用",2,"",293,3223,0,3223,3223,3070,153,0,3223,0,0,,"LINE Pay","90466979"
"01","臥虎藏龍 Crouch & Hide : Tiger Dragon Bar","2022-08-25 22:22:53","3","內用",2,"DK09469947",365,4015,0,4015,4015,3824,191,0,4015,0,0,,"現金","90466979"
"01","臥虎藏龍 Crouch & Hide : Tiger Dragon Bar","2022-08-25 23:29:48","8","內用",2,"",60,341,0,341,341,325,16,319,660,0,319,"整單手動折扣、員工眷屬優待","信用卡","90466979"
"01","臥虎藏龍 Crouch & Hide : Tiger Dragon Bar","2022-08-26 00:13:38","9","內用",2,"",0,100,0,100,100,95,5,0,100,0,0,,"現金","90466979"
"01","臥虎藏龍 Crouch & Hide : Tiger Dragon Bar","2022-08-26 01:04:34","7","內用",2,"",268,2948,0,2948,2948,2808,140,0,2948,0,0,,"信用卡","90466979"
"01","臥虎藏龍 Crouch & Hide : Tiger Dragon Bar","2022-08-26 01:27:32","10","內用",2,"",32,352,0,352,352,335,17,0,352,0,0,,"信用卡","90466979"
"01","臥虎藏龍 Crouch & Hide : Tiger Dragon Bar","2022-08-26 01:28:16","11","內用",2,"",38,418,0,418,418,398,20,0,418,0,0,,"信用卡","90466979"
"01","臥虎藏龍 Crouch & Hide : Tiger Dragon Bar","2022-08-26 01:29:50","6","內用",2,"",226,2486,0,2486,2486,2368,118,0,2486,0,0,,"信用卡","90466979"
"01","臥虎藏龍 Crouch & Hide : Tiger Dragon Bar","2022-08-26 01:30:46","2","內用",2,"",0,0,0,0,0,0,0,0,0,0,0,,"現金","90466979"
"01","臥虎藏龍 Crouch & Hide : Tiger Dragon Bar","2022-08-26 02:21:45","1","內用",2,"",45,495,0,495,495,471,24,0,495,0,0,,"現金","90466979"
"01","臥虎藏龍 Crouch & Hide : Tiger Dragon Bar","2022-08-26 16:21:32","2","內用",2,"",0,100,0,100,100,95,5,0,100,0,0,,"現金","90466979"
"01","臥虎藏龍 Crouch & Hide : Tiger Dragon Bar","2022-08-26 20:18:19","4","內用",2,"",100,1100,0,1100,1100,1048,52,0,1100,0,0,,"信用卡","90466979"
"01","臥虎藏龍 Crouch & Hide : Tiger Dragon Bar","2022-08-26 21:10:17","20","內用",2,"",0,125,0,125,125,119,6,0,125,0,0,,"現金","90466979"
"01","臥虎藏龍 Crouch & Hide : Tiger Dragon Bar","2022-08-26 21:43:16","10","內用",2,"",190,2090,0,2090,2090,1990,100,0,2090,0,0,,"現金","90466979"
"01","臥虎藏龍 Crouch & Hide : Tiger Dragon Bar","2022-08-26 21:47:23","8","內用",2,"",184,2024,0,2024,2024,1928,96,0,2024,0,0,,"信用卡","90466979"
"01","臥虎藏龍 Crouch & Hide : Tiger Dragon Bar","2022-08-26 21:52:08","5","內用",2,"",737,8107,0,8107,8107,7721,386,0,8107,0,0,,"信用卡","90466979"
"01","臥虎藏龍 Crouch & Hide : Tiger Dragon Bar","2022-08-26 21:58:13","11","內用",2,"DK09469948",209,2299,0,2299,2299,2190,109,0,2299,0,0,,"現金","90466979"
"01","臥虎藏龍 Crouch & Hide : Tiger Dragon Bar","2022-08-26 22:01:37","3","內用",2,"",630,6930,0,6930,6930,6600,330,0,6930,0,0,,"信用卡","90466979"
"01","臥虎藏龍 Crouch & Hide : Tiger Dragon Bar","2022-08-26 22:27:39","12","內用",2,"",504,5544,0,5544,5544,5280,264,0,5544,0,0,,"信用卡","90466979"
"01","臥虎藏龍 Crouch & Hide : Tiger Dragon Bar","2022-08-26 23:16:37","6","內用",2,"",146,1606,0,1606,1606,1530,76,0,1606,0,0,,"信用卡","90466979"
"01","臥虎藏龍 Crouch & Hide : Tiger Dragon Bar","2022-08-26 23:21:28","7","內用",2,"",38,304,0,304,304,290,14,114,418,0,114,"員工眷屬優待","信用卡","90466979"
"01","臥虎藏龍 Crouch & Hide : Tiger Dragon Bar","2022-08-26 23:50:05","15","內用",2,"",1425,15675,0,15675,15675,14929,746,0,15675,0,0,,"信用卡","90466979"
"01","臥虎藏龍 Crouch & Hide : Tiger Dragon Bar","2022-08-26 23:55:10","27","內用",2,"DK09469949",150,1650,0,1650,1650,1571,79,0,1650,0,0,,"信用卡","90466979"
"01","臥虎藏龍 Crouch & Hide : Tiger Dragon Bar","2022-08-27 00:10:38","21","內用",2,"",693,7623,0,7623,7623,7260,363,0,7623,0,0,,"信用卡","90466979"
"01","臥虎藏龍 Crouch & Hide : Tiger Dragon Bar","2022-08-27 00:33:38","24","內用",2,"",490,5390,0,5390,5390,5133,257,0,5390,0,0,,"信用卡","90466979"
"01","臥虎藏龍 Crouch & Hide : Tiger Dragon Bar","2022-08-27 01:00:03","28","內用",2,"",148,1628,0,1628,1628,1550,78,0,1628,0,0,,"信用卡","90466979"
"01","臥虎藏龍 Crouch & Hide : Tiger Dragon Bar","2022-08-27 01:04:57","22","內用",2,"",274,3014,0,3014,3014,2870,144,0,3014,0,0,,"信用卡","90466979"
"01","臥虎藏龍 Crouch & Hide : Tiger Dragon Bar","2022-08-27 01:09:17","9","內用",2,"",472,5192,0,5192,5192,4945,247,0,5192,0,0,,"信用卡","90466979"
"01","臥虎藏龍 Crouch & Hide : Tiger Dragon Bar","2022-08-27 01:32:09","14","內用",2,"",456,5016,0,5016,5016,4777,239,0,5016,0,0,,"信用卡","90466979"
"01","臥虎藏龍 Crouch & Hide : Tiger Dragon Bar","2022-08-27 01:40:00","14-1","內用",2,"",478,5258,0,5258,5258,5008,250,0,5258,0,0,,"信用卡","90466979"
"01","臥虎藏龍 Crouch & Hide : Tiger Dragon Bar","2022-08-27 01:54:20","26","內用",2,"",254,2794,0,2794,2794,2661,133,0,2794,0,0,,"信用卡","90466979"
"01","臥虎藏龍 Crouch & Hide : Tiger Dragon Bar","2022-08-27 01:55:38","29","內用",2,"",67,737,0,737,737,702,35,0,737,0,0,,"現金","90466979"
"01","臥虎藏龍 Crouch & Hide : Tiger Dragon Bar","2022-08-27 02:28:32","31","內用",2,"",35,385,0,385,385,367,18,0,385,0,0,,"信用卡","90466979"
"01","臥虎藏龍 Crouch & Hide : Tiger Dragon Bar","2022-08-27 02:31:57","18","內用",2,"",492,5412,0,5412,5412,5154,258,0,5412,0,0,,"信用卡","90466979"
"01","臥虎藏龍 Crouch & Hide : Tiger Dragon Bar","2022-08-27 02:33:31","17","內用",2,"",0,0,0,0,0,0,0,0,0,0,0,,"現金","90466979"
"01","臥虎藏龍 Crouch & Hide : Tiger Dragon Bar","2022-08-27 02:34:40","32","內用",2,"",0,0,0,0,0,0,0,0,0,0,0,,"現金","90466979"
"01","臥虎藏龍 Crouch & Hide : Tiger Dragon Bar","2022-08-27 03:08:23","36","內用",2,"",882,9702,0,9702,9702,9240,462,0,9702,0,0,,"現金","90466979"
"01","臥虎藏龍 Crouch & Hide : Tiger Dragon Bar","2022-08-27 03:39:11","1","內用",2,"",82,902,0,902,902,859,43,0,902,0,0,,"信用卡","90466979"
"01","臥虎藏龍 Crouch & Hide : Tiger Dragon Bar","2022-08-27 03:40:33","2","內用",2,"",0,1280,0,1280,1280,1219,61,0,1280,0,0,,"信用卡","90466979"
"01","臥虎藏龍 Crouch & Hide : Tiger Dragon Bar","2022-08-27 20:21:16","11","內用",2,"",0,4500,0,4500,4500,4286,214,220,4720,220,0,"店長招待","信用卡","90466979"
"01","臥虎藏龍 Crouch & Hide : Tiger Dragon Bar","2022-08-27 20:34:49","9","內用",2,"",232,2552,0,2552,2552,2430,122,0,2552,0,0,,"信用卡","90466979"
"01","臥虎藏龍 Crouch & Hide : Tiger Dragon Bar","2022-08-27 20:50:44","10","內用",2,"",586,6446,0,6446,6446,6139,307,0,6446,0,0,,"現金","90466979"
"01","臥虎藏龍 Crouch & Hide : Tiger Dragon Bar","2022-08-27 22:13:40","5","內用",2,"",563,6193,0,6193,6193,5898,295,0,6193,0,0,,"信用卡","90466979"
"01","臥虎藏龍 Crouch & Hide : Tiger Dragon Bar","2022-08-27 22:40:29","19","內用",2,"",0,100,0,100,100,95,5,0,100,0,0,,"現金","90466979"
"01","臥虎藏龍 Crouch & Hide : Tiger Dragon Bar","2022-08-27 23:11:18","13","內用",2,"",413,4543,0,4543,4543,4327,216,0,4543,0,0,,"信用卡","90466979"
"01","臥虎藏龍 Crouch & Hide : Tiger Dragon Bar","2022-08-27 23:34:09","16","內用",2,"",183,2013,0,2013,2013,1917,96,0,2013,0,0,,"信用卡","90466979"
"01","臥虎藏龍 Crouch & Hide : Tiger Dragon Bar","2022-08-28 00:10:20","17","內用",2,"",367,4037,0,4037,4037,3845,192,0,4037,0,0,,"現金","90466979"
"01","臥虎藏龍 Crouch & Hide : Tiger Dragon Bar","2022-08-28 00:12:50","4","內用",2,"",764,8404,0,8404,8404,8004,400,0,8404,0,0,,"信用卡","90466979"
"01","臥虎藏龍 Crouch & Hide : Tiger Dragon Bar","2022-08-28 00:26:35","18","內用",2,"",276,3036,0,3036,3036,2891,145,0,3036,0,0,,"信用卡","90466979"
"01","臥虎藏龍 Crouch & Hide : Tiger Dragon Bar","2022-08-28 00:30:31","15","內用",2,"",174,1914,0,1914,1914,1823,91,0,1914,0,0,,"信用卡","90466979"
"01","臥虎藏龍 Crouch & Hide : Tiger Dragon Bar","2022-08-28 00:57:12","21","內用",2,"",116,1276,0,1276,1276,1215,61,0,1276,0,0,,"信用卡","90466979"
"01","臥虎藏龍 Crouch & Hide : Tiger Dragon Bar","2022-08-28 01:01:43","8","內用",2,"",252,2772,0,2772,2772,2640,132,0,2772,0,0,,"信用卡","90466979"
"01","臥虎藏龍 Crouch & Hide : Tiger Dragon Bar","2022-08-28 01:11:37","24","內用",2,"",70,770,0,770,770,733,37,0,770,0,0,,"現金","90466979"
"01","臥虎藏龍 Crouch & Hide : Tiger Dragon Bar","2022-08-28 01:14:04","25","內用",2,"",0,125,0,125,125,119,6,0,125,0,0,,"現金","90466979"
"01","臥虎藏龍 Crouch & Hide : Tiger Dragon Bar","2022-08-28 01:34:03","7","內用",2,"",273,3003,0,3003,3003,2860,143,0,3003,0,0,,"信用卡","90466979"
"01","臥虎藏龍 Crouch & Hide : Tiger Dragon Bar","2022-08-28 01:45:50","23","內用",2,"",272,2992,0,2992,2992,2850,142,0,2992,0,0,,"信用卡","90466979"
"01","臥虎藏龍 Crouch & Hide : Tiger Dragon Bar","2022-08-28 02:15:43","27-1","內用",2,"",40,440,0,440,440,419,21,0,440,0,0,,"現金","90466979"
"01","臥虎藏龍 Crouch & Hide : Tiger Dragon Bar","2022-08-28 02:16:20","27-2","內用",2,"",10,110,0,110,110,105,5,0,110,0,0,,"現金","90466979"
"01","臥虎藏龍 Crouch & Hide : Tiger Dragon Bar","2022-08-28 02:16:44","27","內用",2,"",40,440,0,440,440,419,21,0,440,0,0,,"現金","90466979"
"01","臥虎藏龍 Crouch & Hide : Tiger Dragon Bar","2022-08-28 02:19:47","3","內用",2,"",0,0,0,0,0,0,0,0,0,0,0,,"現金","90466979"
"01","臥虎藏龍 Crouch & Hide : Tiger Dragon Bar","2022-08-28 02:22:41","26","內用",2,"",80,880,0,880,880,838,42,0,880,0,0,,"現金","90466979"
"01","臥虎藏龍 Crouch & Hide : Tiger Dragon Bar","2022-08-28 02:30:00","29","內用",2,"",198,2178,0,2178,2178,2074,104,0,2178,0,0,,"信用卡","90466979"
"01","臥虎藏龍 Crouch & Hide : Tiger Dragon Bar","2022-08-28 21:29:05","5","內用",2,"",120,1320,0,1320,1320,1257,63,0,1320,0,0,,"信用卡","90466979"
"01","臥虎藏龍 Crouch & Hide : Tiger Dragon Bar","2022-08-28 21:37:06","10","內用",2,"",0,125,0,125,125,119,6,0,125,0,0,,"現金","90466979"
"01","臥虎藏龍 Crouch & Hide : Tiger Dragon Bar","2022-08-28 22:38:52","4","內用",2,"",202,2002,0,2002,2002,1907,95,220,2222,220,0,"吧台經理招待","信用卡","90466979"
"01","臥虎藏龍 Crouch & Hide : Tiger Dragon Bar","2022-08-28 22:46:39","8","內用",2,"",110,1210,0,1210,1210,1152,58,0,1210,0,0,,"信用卡","90466979"
"01","臥虎藏龍 Crouch & Hide : Tiger Dragon Bar","2022-08-28 23:53:26","7","內用",2,"",238,2618,0,2618,2618,2493,125,0,2618,0,0,,"信用卡","90466979"
"01","臥虎藏龍 Crouch & Hide : Tiger Dragon Bar","2022-08-28 23:54:59","12","內用",2,"",119,1309,0,1309,1309,1247,62,0,1309,0,0,,"信用卡","90466979"
"01","臥虎藏龍 Crouch & Hide : Tiger Dragon Bar","2022-08-28 23:56:28","2","內用",2,"",373,4103,0,4103,4103,3908,195,0,4103,0,0,,"信用卡","90466979"
"01","臥虎藏龍 Crouch & Hide : Tiger Dragon Bar","2022-08-29 00:10:50","13","內用",2,"",75,825,0,825,825,786,39,0,825,0,0,,"信用卡","90466979"
"01","臥虎藏龍 Crouch & Hide : Tiger Dragon Bar","2022-08-29 00:17:11","11","內用",2,"",141,1551,0,1551,1551,1477,74,0,1551,0,0,,"信用卡","90466979"
"01","臥虎藏龍 Crouch & Hide : Tiger Dragon Bar","2022-08-29 00:37:26","3","內用",2,"",571,6281,0,6281,6281,5982,299,0,6281,0,0,,"信用卡","90466979"
"01","臥虎藏龍 Crouch & Hide : Tiger Dragon Bar","2022-08-29 01:24:29","14","內用",2,"",43,473,0,473,473,450,23,0,473,0,0,,"現金","90466979"
"01","臥虎藏龍 Crouch & Hide : Tiger Dragon Bar","2022-08-29 01:26:29","6","內用",2,"",374,4114,0,4114,4114,3918,196,0,4114,0,0,,"信用卡","90466979"
"01","臥虎藏龍 Crouch & Hide : Tiger Dragon Bar","2022-08-29 01:28:10","1","內用",2,"",0,0,0,0,0,0,0,0,0,0,0,,"現金","90466979"
"01","臥虎藏龍 Crouch & Hide : Tiger Dragon Bar","2022-08-29 17:23:58","2","內用",2,"",0,125,0,125,125,119,6,0,125,0,0,,"現金","90466979"
"01","臥虎藏龍 Crouch & Hide : Tiger Dragon Bar","2022-08-29 20:39:24","6","內用",2,"",38,418,0,418,418,398,20,0,418,0,0,,"信用卡","90466979"
"01","臥虎藏龍 Crouch & Hide : Tiger Dragon Bar","2022-08-29 22:05:10","7","內用",2,"",130,1430,0,1430,1430,1362,68,0,1430,0,0,,"現金","90466979"
"01","臥虎藏龍 Crouch & Hide : Tiger Dragon Bar","2022-08-29 23:24:56","10-1","內用",2,"",157,1727,0,1727,1727,1645,82,0,1727,0,0,,"信用卡","90466979"
"01","臥虎藏龍 Crouch & Hide : Tiger Dragon Bar","2022-08-29 23:26:02","10","內用",2,"",422,4642,0,4642,4642,4421,221,0,4642,0,0,,"信用卡","90466979"
"01","臥虎藏龍 Crouch & Hide : Tiger Dragon Bar","2022-08-29 23:27:54","8","內用",2,"",218,1898,0,1898,1898,1808,90,500,2398,500,0,"PERONI生啤酒買二送一、PERONI生啤酒買二送一","信用卡","90466979"
"01","臥虎藏龍 Crouch & Hide : Tiger Dragon Bar","2022-08-29 23:32:21","3","內用",2,"",454,4994,0,4994,4994,4756,238,0,4994,0,0,,"信用卡","90466979"
"01","臥虎藏龍 Crouch & Hide : Tiger Dragon Bar","2022-08-30 00:17:24","11","內用",2,"",124,1364,0,1364,1364,1299,65,0,1364,0,0,,"信用卡","90466979"
"01","臥虎藏龍 Crouch & Hide : Tiger Dragon Bar","2022-08-30 01:06:06","12","內用",2,"",68,748,0,748,748,712,36,0,748,0,0,,"信用卡","90466979"
"01","臥虎藏龍 Crouch & Hide : Tiger Dragon Bar","2022-08-30 01:43:12","5","內用",2,"",169,1859,0,1859,1859,1770,89,0,1859,0,0,,"信用卡","90466979"
"01","臥虎藏龍 Crouch & Hide : Tiger Dragon Bar","2022-08-30 01:43:56","9","內用",2,"",272,2742,0,2742,2742,2611,131,250,2992,250,0,"PERONI生啤酒買二送一","現金","90466979"
"01","臥虎藏龍 Crouch & Hide : Tiger Dragon Bar","2022-08-30 01:46:55","1","內用",2,"",0,0,0,0,0,0,0,0,0,0,0,,"現金","90466979"
"01","臥虎藏龍 Crouch & Hide : Tiger Dragon Bar","2022-08-30 01:52:22","14","內用",2,"",0,850,0,850,850,810,40,0,850,0,0,,"現金","90466979"
"01","臥虎藏龍 Crouch & Hide : Tiger Dragon Bar","2022-08-30 01:54:44","4","內用",2,"",580,6380,0,6380,6380,6076,304,0,6380,0,0,,"信用卡","90466979"
"01","臥虎藏龍 Crouch & Hide : Tiger Dragon Bar","2022-08-30 01:55:35","15","內用",2,"",0,0,0,0,0,0,0,0,0,0,0,,"現金","90466979"
"01","臥虎藏龍 Crouch & Hide : Tiger Dragon Bar","2022-08-30 23:52:29","3","內用",2,"",0,756,0,756,756,720,36,324,1080,0,324,"整單手動折扣","信用卡","90466979"
"01","臥虎藏龍 Crouch & Hide : Tiger Dragon Bar","2022-08-31 01:32:33","6","內用",2,"",200,2200,0,2200,2200,2095,105,0,2200,0,0,,"信用卡","90466979"
"01","臥虎藏龍 Crouch & Hide : Tiger Dragon Bar","2022-08-31 01:39:58","4","內用",2,"",156,1716,0,1716,1716,1634,82,0,1716,0,0,,"LINE Pay","90466979"
"01","臥虎藏龍 Crouch & Hide : Tiger Dragon Bar","2022-08-31 01:41:09","1","內用",2,"",0,0,0,0,0,0,0,0,0,0,0,,"現金","90466979"
"01","臥虎藏龍 Crouch & Hide : Tiger Dragon Bar","2022-08-31 01:41:54","5","內用",2,"",239,2629,0,2629,2629,2504,125,0,2629,0,0,,"信用卡","90466979"
"01","臥虎藏龍 Crouch & Hide : Tiger Dragon Bar","2022-08-31 22:52:00","5","內用",2,"DK09469950",302,3322,0,3322,3322,3164,158,0,3322,0,0,,"信用卡","90466979"
"01","臥虎藏龍 Crouch & Hide : Tiger Dragon Bar","2022-08-31 23:42:31","9","內用",2,"DK09469951",600,5940,0,5940,5940,5657,283,660,6600,0,660,"整單手動折扣","信用卡","90466979"
"01","臥虎藏龍 Crouch & Hide : Tiger Dragon Bar","2022-09-01 00:02:14","10","內用",2,"FM32358100",361,3971,0,3971,3971,3782,189,0,3971,0,0,,"信用卡","90466979"
"01","臥虎藏龍 Crouch & Hide : Tiger Dragon Bar","2022-09-01 00:02:54","3","內用",2,"FM32358101",811,8921,0,8921,8921,8496,425,0,8921,0,0,,"信用卡","90466979"
"01","臥虎藏龍 Crouch & Hide : Tiger Dragon Bar","2022-09-01 00:19:23","6","內用",2,"",409,4499,0,4499,4499,4285,214,0,4499,0,0,,"信用卡","90466979"
"01","臥虎藏龍 Crouch & Hide : Tiger Dragon Bar","2022-09-01 00:43:39","8","內用",2,"",78,858,0,858,858,817,41,0,858,0,0,,"現金","90466979"
"01","臥虎藏龍 Crouch & Hide : Tiger Dragon Bar","2022-09-01 00:52:15","7","內用",2,"",38,418,0,418,418,398,20,0,418,0,0,,"信用卡","90466979"
"01","臥虎藏龍 Crouch & Hide : Tiger Dragon Bar","2022-09-01 01:37:33","4","內用",2,"",2675,28925,0,28925,28925,27548,1377,500,29425,500,0,"PERONI生啤酒買二送一、PERONI生啤酒買二送一","信用卡","90466979"
"01","臥虎藏龍 Crouch & Hide : Tiger Dragon Bar","2022-09-01 01:40:40","1","內用",2,"",0,0,0,0,0,0,0,0,0,0,0,,"現金","90466979"
"","","","","","","合計",118382,1320840,0,1320840,1320840,1257949,62891,19422,1340262,7160,12262,"","",""